Date,HIGH,CLOSE,LOW,OPEN,COUNT,VOLUME
2013-01-02,66.95200395,66.922128,66.21506384999999,66.45407145,21097,14549359
2013-01-03,67.05159044999999,66.59349255000001,66.38436089999999,66.91216935,15259,9517875
2013-01-04,66.6034512,66.35448495,66.19514655,66.6034512,11553,7055649
2013-01-07,66.47398875,66.40427820000001,65.9860149,66.17522925,8157,7222718
2013-01-08,66.53374065,66.2847744,65.89638705,66.3644436,9913,4999353
2013-01-09,66.67316175,66.49390604999999,66.2847744,66.3445263,8484,5028303
2013-01-10,66.99183855,66.89225205,66.27481575,66.95200395,13466,7096938
2013-01-11,67.0017972,66.98187990000001,66.73291365,66.8623761,7528,4109898
2013-01-14,66.87233475000001,66.68312039999999,66.40427820000001,66.6432858,12970,7974630
2013-01-15,66.4441128,66.35448495,66.0656841,66.35448495,10212,5729556
2013-01-16,66.85241744999999,66.62336850000001,66.324609,66.4441128,10600,6771793
2013-01-17,67.2009702,66.9420453,66.787686225,66.89225205,10944,7161516
2013-01-18,66.8623761,66.79266555,66.49390604999999,66.7428723,9479,6589083
2013-01-22,66.9420453,66.90221070000001,66.46403009999999,66.8623761,11012,6513975
2013-01-23,67.50968835,67.31051535,67.1810529,67.2806394,11711,7350936
2013-01-24,67.0017972,66.38436089999999,66.2847744,66.38436089999999,14009,9178548
2013-01-25,66.91216935,66.722955,66.46403009999999,66.59349255000001,12946,9572573
2013-01-28,67.1013837,66.87233475000001,66.65324445,66.73291365,10527,6091245
2013-01-29,67.0217145,66.8822934,66.35448495,66.79266555,11680,7692826
2013-01-30,67.2009702,66.7428723,66.6034512,67.0017972,10595,7402612
2013-01-31,67.07150775,66.61340985,66.53374065,66.71299635,10667,5961509
2013-02-01,67.48977105,67.3802259,66.79266555,67.06154910000001,12165,7766096
2013-02-04,67.17109425,66.2051052,66.18518789999999,66.99183855,11649,7316016
2013-02-05,67.3802259,67.2009702,66.3445263,66.49390604999999,13022,7966855
2013-02-06,67.26072210000001,66.96196259999999,66.77274824999999,66.96196259999999,16023,10075655
2013-02-07,67.09142505,67.0217145,66.2847744,67.04163179999999,17740,10655785
2013-02-08,67.84828245,67.70886134999999,67.3603086,67.3603086,11948,7140485
2013-02-11,67.7785719,67.72877865000001,67.50968835,67.74869595,8581,5097389
2013-02-12,67.76861325,67.44993645000001,67.39018455,67.6391508,9490,6353582
2013-02-13,67.9379103,67.68894405,67.48977105,67.64910945000001,11116,6194292
2013-02-14,67.76861325,67.66902675,67.35034995,67.3802259,11041,6035505
2013-02-15,67.823385825,67.46985375,67.2806394,67.6590681,10181,7374181
2013-02-19,67.9777449,67.94786895,67.5793989,67.59931619999999,8057,5992082
2013-02-20,67.96778625,66.91216935,66.90221070000001,67.9379103,11851,9518509
2013-02-21,66.73291365,66.19514655,65.95613895000001,66.6632031,15594,11708708
2013-02-22,66.87233475000001,66.87233475000001,66.324609,66.57357524999999,9313,6364985
2013-02-25,67.52960565000001,66.03580815000001,65.97605625,67.29059805,17846,12134257
2013-02-26,66.40427820000001,66.2847744,65.692234725,66.12543600000001,17341,11453171
2013-02-27,67.37026725000001,66.95200395,66.2051052,66.2847744,14169,9089765
2013-02-28,67.4598951,66.8225415,66.81258285,66.97192125,9736,8275678
2013-03-01,67.21092885,67.1013837,66.2648571,66.59349255000001,11903,7412306
2013-03-04,67.4001432,67.4001432,66.8026242,66.8822934,9167,5967679
2013-03-05,68.48563605,68.39600820000001,67.79848919999999,67.79848919999999,12090,8829646
2013-03-06,68.6150985,68.2167525,68.1370833,68.60513985,9093,6747274
2013-03-07,68.50555335,68.40596685,68.17691789999999,68.30638035,8448,5049142
2013-03-08,68.73460229999999,68.46571875,68.22671115,68.6350158,8942,6179199
2013-03-11,68.70472635,68.68480905,68.19683520000001,68.39600820000001,6375,4394509
2013-03-12,68.6350158,68.4358428,68.10720735,68.48563605,7985,6511365
2013-03-13,68.60513985,68.34621494999999,68.11716600000001,68.52547065,7543,5278926
2013-03-14,68.72464365,68.58522255,68.4358428,68.58522255,7389,6383166
2013-03-15,68.50555335,68.22671115,68.0574141,68.46571875,9847,8436625
2013-03-18,68.34621494999999,68.0773314,67.44993645000001,67.59931619999999,8362,6263525
2013-03-19,68.41094617499999,67.9578276,67.35034995,68.28646305,11734,8130547
2013-03-20,68.56530525,68.39600820000001,68.11716600000001,68.42588414999999,9203,6410191
2013-03-21,67.9578276,67.64910945000001,67.48977105,67.79848919999999,10595,9412629
2013-03-22,68.35119427500001,68.30638035,67.84828245,67.92795165,10158,7542741
2013-03-25,68.66489175000001,68.0374968,67.72877865000001,68.52547065,10870,7219201
2013-03-26,68.44580145,68.42588414999999,68.17691789999999,68.316339,7470,5288772
2013-03-27,68.56530525,68.54538794999999,67.86819975,67.9578276,10004,6091281
2013-03-28,68.76447825,68.68480905,68.3561736,68.515512,10790,7168583
2013-04-01,68.7943542,68.2167525,68.0374968,68.73460229999999,11442,8033616
2013-04-02,68.97858922500001,68.75451960000001,68.48563605,68.54538794999999,10645,7095068
2013-04-03,68.8939407,68.12712465,67.96778625,68.7943542,12600,8484750
2013-04-04,68.30638035,68.14704195,67.7785719,68.0972487,13658,9213199
2013-04-05,67.67898539999999,67.56944025,66.922128,67.07150775,13641,10563249
2013-04-08,67.9578276,67.9379103,67.41010185,67.60927485,8277,4928924
2013-04-09,68.66489175000001,68.39600820000001,67.80844785000001,68.11716600000001,10329,7742665
2013-04-10,69.825074475,69.7304673,68.60513985,68.6350158,13726,11094570
2013-04-11,69.8499711,69.68067405,69.486480375,69.56117024999999,13795,10716923
2013-04-12,69.70059135,69.6507981,69.12298965,69.5312943,11215,8196040
2013-04-15,69.50141835000001,68.26654574999999,68.201814525,69.36199725,19979,13172484
2013-04-16,69.2524521,69.18274155,68.53542929999999,68.66489175000001,12766,8920404
2013-04-17,68.5951812,67.8184065,67.43001914999999,68.58522255,22193,15451096
2013-04-18,68.0374968,66.8623761,66.6034512,68.00762085000001,29206,18415666
2013-04-19,67.94786895,67.80844785000001,66.922128,67.0217145,18192,11611153
2013-04-22,68.74456095000001,68.50555335,67.79848919999999,68.04745545,13404,9567317
2013-04-23,69.40183185,69.1528656,68.53542929999999,68.8939407,25201,15885902
2013-04-24,69.38191455,69.14290695000001,68.8341888,68.9935272,13180,8040595
2013-04-25,69.76034324999999,69.50141835000001,69.30224535,69.312204,10961,6871388
2013-04-26,69.4715424,69.28232804999999,68.9935272,69.33212130000001,12155,6929090
2013-04-29,70.17860655,69.91968164999999,69.48150104999999,69.50141835000001,12173,7369480
2013-04-30,70.43753145000001,70.43753145000001,69.7503846,70.0093095,15477,8921311
2013-05-01,70.55703525,70.09893735,69.96947490000001,70.4474901,14674,9927563
2013-05-02,71.13463695,70.9852572,70.15868925000001,70.21844115,14103,7980052
2013-05-03,72.03091545,71.8217838,71.6226108,71.67240405,12002,8240137
2013-05-06,72.20817942,72.100626,71.901453,71.95124625,9184,5148886
2013-05-07,72.26992304999999,72.0408741,71.79190785,72.2201298,10767,6659849
2013-05-08,72.4591374,72.40934415,71.91141164999999,72.0209568,9009,6606718
2013-05-09,72.792752175,72.34959225,72.175315875,72.26992304999999,12259,6987868
2013-05-10,72.7778142,72.74793825,72.3396336,72.4591374,8963,5508597
2013-05-13,73.00686315,72.8375661,72.5587239,72.62843445,8647,6511911
2013-05-14,73.4350851,73.21599479999999,72.82760745,72.85748339999999,11749,7599257
2013-05-15,73.4350851,73.36537455,72.897318,73.0765737,8822,5659265
2013-05-16,73.78363785,73.29566399999999,73.2558294,73.42512645000001,10745,6337126
2013-05-17,74.02264545,73.9927695,73.430105775,73.66413405,10158,6910397
2013-05-20,74.1122733,73.88322434999999,73.5944235,73.8533484,9790,5403790
2013-05-21,74.226797775,73.96289354999999,73.5944235,73.84338975,9279,5294795
2013-05-22,74.64008175000001,73.34545725000001,72.94711125,74.0525214,25387,15487632
2013-05-23,73.38529185,73.14628425000001,72.52884795,72.66826904999999,18710,10826750
2013-05-24,73.12636695,73.12636695,72.4591374,72.65831039999999,13043,6873713
2013-05-28,74.2317771,73.5944235,73.36537455,73.96289354999999,15854,8350374
2013-05-29,73.494837,73.23591210000001,72.8176488,73.29566399999999,18619,8639133
2013-05-30,73.96289354999999,73.62429945000001,73.26578805,73.26578805,16859,8696852
2013-05-31,73.89318300000001,72.86744205000001,72.86744205000001,73.3554159,20120,10058766
2013-06-03,73.096491,73.06661505000001,72.1404606,72.95706990000001,25550,14735847
2013-06-04,73.51475429999999,72.698145,72.40934415,73.22595345,14315,8247959
2013-06-05,72.72802095,71.73215595,71.70228,72.4591374,18493,10316523
2013-06-06,72.100626,72.05083275,71.17447154999999,71.85165975000001,27562,13720090
2013-06-07,73.16620155,73.096491,72.2201298,72.39938550000001,14315,7898748
2013-06-10,73.45500240000001,73.1164083,72.95706990000001,73.22595345,14062,6093350
2013-06-11,73.0367391,72.39938550000001,72.1404606,72.38942684999999,26574,12965971
2013-06-12,72.8375661,71.5429416,71.44335509999999,72.80769015,24605,11824275
2013-06-13,72.60851715,72.4193028,71.2640994,71.45331375,14153,7285534
2013-06-14,72.5388066,71.9811222,71.8815357,72.4591374,20290,8848324
2013-06-17,73.096491,72.67822770000001,72.299799,72.54876524999999,14184,9348780
2013-06-18,73.41516779999999,73.2558294,72.76785555,72.7778142,9164,5935547
2013-06-19,73.36537455,72.4591374,72.3794682,73.29566399999999,23434,11869214
2013-06-20,71.85165975000001,70.6466631,70.49728335,71.6226108,29363,17060259
2013-06-21,70.67653905,70.0491441,69.56117024999999,70.4873247,26434,15681249
2013-06-24,69.97943355,69.44166645,68.8740234,69.56117024999999,23767,12636254
2013-06-25,70.22839979999999,69.93959895,69.52133565,70.108896,14584,9883713
2013-06-26,70.69645634999999,70.57695255,70.30806899999999,70.5470766,11468,7546790
2013-06-27,71.3238513,70.87571205,70.83587745,70.9454226,12028,7634162
2013-06-28,71.39356185,70.91554665,70.49728335,70.65662175,18727,9376769
2013-07-01,72.00103949999999,71.43339645,71.3437686,71.45331375,14699,8175376
2013-07-02,71.87157705,71.43339645,71.0649264,71.38360320000001,14694,8182188
2013-07-03,72.0607914,71.74211460000001,71.13463695,71.18443020000001,8646,5291375
2013-07-05,72.30975765,72.2599644,71.57281755000001,72.1404606,14611,9509599
2013-07-08,72.68818635,72.34959225,72.09066735,72.65831039999999,12049,6312736
2013-07-09,72.93715259999999,72.78777285000001,72.34959225,72.68818635,14413,9519906
2013-07-10,73.3155813,73.20603615,72.70810365,72.7180623,14289,7960994
2013-07-11,74.71975095,74.71975095,73.94297625,73.9927695,16234,14679225
2013-07-12,75.03842775,74.97867585,74.52057795,74.71975095,12614,9432228
2013-07-15,75.202745475,75.1678902,74.86913070000001,75.0683037,6900,5493293
2013-07-16,75.27743535,75.05834505,74.86913070000001,75.21768345,8679,6861575
2013-07-17,75.4268151,75.25751804999999,75.0483864,75.28739399999999,8728,5740636
2013-07-18,75.4268151,75.05834505,74.94879990000001,75.23760075,9804,6971742
2013-07-19,74.43095009999999,74.28157035000001,74.07243869999999,74.4110328,13053,10146733
2013-07-22,74.6699577,74.50066065,74.28157035000001,74.60024715,9921,6610268
2013-07-23,74.6500404,73.9529349,73.89318300000001,74.64008175000001,10002,7184559
2013-07-24,74.70979229999999,74.1919425,74.02762477499999,74.67991635,11578,7054568
2013-07-25,74.7496269,74.65999905,74.15210789999999,74.54049524999999,10361,7067669
2013-07-26,75.0683037,75.05834505,74.24671507500001,74.36123955000001,9727,6659984
2013-07-29,75.22764210000001,74.91892395,74.71975095,74.9089653,9556,5822686
2013-07-30,75.6259881,75.31726995,75.0483864,75.1878075,12100,7777289
2013-07-31,75.884913,75.45669104999999,75.31726995,75.4666497,12255,7219804
2013-08-01,76.33305225000001,76.2235071,75.89487165,75.97454085000001,7336,4821523
2013-08-02,76.67164634999999,76.65172905,76.07412735,76.23346575,6833,4631764
2013-08-05,76.7612742,76.7015223,76.47247335,76.5820185,5989,3246690
2013-08-06,76.6616877,76.24342440000001,75.93470625,76.61189445000001,6730,3805324
2013-08-07,76.24342440000001,76.1040033,75.56623619999999,76.0243341,7722,4944373
2013-08-08,76.6616877,76.482432,75.99445815,76.52226660000001,9579,4861353
2013-08-09,76.6218531,76.1836725,75.95462355,76.35296955,8417,4759974
2013-08-12,76.482432,76.35296955,75.87495435,75.884913,7018,4399833
2013-08-13,76.95048855,76.80110880000001,75.91478895,76.45255605,9562,5519877
2013-08-14,76.855881375,76.49239065,76.3828455,76.75131554999999,12258,6703148
2013-08-15,75.64590539999999,75.19776615,74.97867585,75.63594675,13896,9043357
2013-08-16,75.5463189,75.1479729,75.03842775,75.2077248,10172,6083771
2013-08-19,75.81520245,75.03842775,75.01851045,75.17784884999999,11576,8107305
2013-08-20,75.71561595,75.3869805,75.1280556,75.17784884999999,9536,5631713
2013-08-21,75.7654092,75.10813830000001,74.83925475000001,75.1280556,14868,8198246
2013-08-22,75.884913,75.84507839999999,75.39693915,75.43677375,8262,5158636
2013-08-23,76.45255605,76.36292820000001,76.084086,76.3828455,9035,6372473
2013-08-26,76.95048855,76.39280414999999,76.24342440000001,76.41272145,11373,7199291
2013-08-27,75.85503705,74.75958555,74.6500404,75.486567,16772,10335861
2013-08-28,75.4268151,75.11809695000001,74.73966825,74.73966825,9853,5014006
2013-08-29,76.0243341,75.64590539999999,74.99859315,75.09817964999999,12748,7646982
2013-08-30,75.7255746,75.1479729,74.89900664999999,75.7255746,12079,7047332
2013-09-03,76.11396195,75.58615350000001,75.23760075,75.77536785000001,6604,7494009
2013-09-04,76.52226660000001,76.39280414999999,75.61602945000001,75.84507839999999,11652,7130081
2013-09-05,76.73139825,76.52226660000001,76.4226801,76.44259740000001,6766,4013002
2013-09-06,77.0002818,76.61189445000001,75.7454919,76.78119149999999,14584,7691787
2013-09-09,77.6376354,77.50817295,76.91065395000001,76.9405299,10530,6960761
2013-09-10,77.98618815,77.876643,77.60775945,77.9563122,13060,7749691
2013-09-11,77.78701515,77.74718055,77.26916535000001,77.36875185,12348,7230952
2013-09-12,77.921456925,77.68742865,77.53804889999999,77.7571392,9322,5117068
2013-09-13,77.8168911,77.73722190000001,77.32891725,77.76709785,9248,4803209
2013-09-16,78.3944928,77.52809024999999,77.34883455,78.3944928,11825,7171410
2013-09-17,78.14552655,78.0558987,77.67747,77.6973873,9925,6357228
2013-09-18,79.1314329,79.0119291,78.00610544999999,78.16544384999999,15344,9356893
2013-09-19,79.35052320000001,79.1712675,79.036825725,79.23101940000001,11321,6078330
2013-09-20,79.20114345,78.6534177,78.62354175,79.12147425,11987,6656179
2013-09-23,79.07168100000001,78.52395525,78.1355679,78.9920118,12725,7967691
2013-09-24,78.91234259999999,78.50403795,78.24511304999999,78.673335,10060,6067471
2013-09-25,78.66337635,78.27498899999999,78.075816,78.56378985,11704,7179033
2013-09-26,79.02188774999999,78.84263205,78.52395525,78.55383119999999,11665,6323611
2013-09-27,78.872508,78.75300419999999,78.27498899999999,78.38453415,12440,7847942
2013-09-30,78.75300419999999,78.52395525,77.67747,77.92643625,18099,10278602
2013-10-01,79.3903578,79.35052320000001,78.52395525,78.56378985,13282,6998058
2013-10-02,79.43019240000001,79.32064725000001,78.7330869,78.8127561,12087,6496500
2013-10-03,79.3903578,78.38453415,77.9762295,79.22106074999999,21447,10537655
2013-10-04,79.17624682499999,79.07168100000001,78.3347409,78.3944928,12333,6334771
2013-10-07,79.02188774999999,78.4144101,78.34469955,78.3745755,12269,6369513
2013-10-08,78.47416199999999,76.9006953,76.880778,78.4144101,25097,12916878
2013-10-09,77.1197856,76.6417704,76.0442514,77.07995100000001,34721,15935155
2013-10-10,78.4542447,78.28494765,77.48825565,77.48825565,22122,12153443
2013-10-11,78.96213585000001,78.90238395,78.08577464999999,78.08577464999999,12998,7602684
2013-10-14,79.46006835,79.46006835,78.3546582,78.42436875,17500,10002994
2013-10-15,79.77874515,79.15135020000001,79.06172235,79.40031645,22407,11417155
2013-10-16,80.0874633,80.03767005,79.46006835,79.51982025,19862,11792664
2013-10-17,80.5256439,80.47585065,79.61940675,79.68911729999999,15004,8704045
2013-10-18,81.8401857,81.81030975,81.01361775,81.2426667,16170,9431537
2013-10-21,82.193717775,81.9596895,81.74059919999999,81.9995241,13327,7566743
2013-10-22,82.54724985,82.06923465,81.59121945000001,82.30824225,21564,11224862
2013-10-23,81.86010300000001,81.61113675,81.21279075,81.71072325,17520,9330790
2013-10-24,82.13894520000001,81.96964815,81.54142619999999,81.66093,14049,7440604
2013-10-25,82.92567855,82.5372912,82.1588625,82.7364642,17244,11494623
2013-10-28,82.69662960000001,82.6169604,82.20865574999999,82.56716715,13991,7389371
2013-10-29,82.9157199,82.7165469,82.3580355,82.855968,19801,10012646
2013-10-30,83.1348102,82.6169604,82.24849035,83.00534775,21304,9753914
2013-10-31,82.95555449999999,82.44766335000001,82.13894520000001,82.42774605,18900,9411908
2013-11-01,82.8161334,82.44766335000001,82.05927600000001,82.72650555,19112,10003472
2013-11-04,82.72650555,82.58708445,82.2982836,82.7165469,9721,4464223
2013-11-05,82.86592664999999,82.70658825,82.02940005,82.26840765,12407,7195254
2013-11-06,83.04518235,82.64683635,82.39787009999999,83.02526505,16132,7204173
2013-11-07,82.78625745,81.09328695,81.0434937,82.66675365,31606,15611328
2013-11-08,82.20865574999999,82.20865574999999,81.17295615,81.4020051,20257,9785011
2013-11-11,82.28832494999999,82.084172625,81.8003511,82.0791933,14529,6935676
2013-11-12,82.3182009,82.1986971,81.78043380000001,81.8202684,13724,6115591
2013-11-13,83.20452075,83.20452075,81.66093,81.66093,16535,8768557
2013-11-14,83.50825957500001,83.3937351,82.80617475000001,82.9754718,17345,8652859
2013-11-15,83.61282539999999,83.61282539999999,83.26427265,83.4734043,11852,5899947
2013-11-18,83.7522465,82.8161334,82.64683635,83.5929081,19455,9441506
2013-11-19,83.14476884999999,82.5572085,82.41778740000001,82.74642285,17705,8252802
2013-11-20,83.08501695000001,82.3580355,82.11902789999999,82.7762988,22848,9176675
2013-11-21,83.26427265,83.20452075,82.6368777,82.70658825,15921,6887411
2013-11-22,83.6725773,83.65266,83.27423130000001,83.3339832,13831,6930249
2013-11-25,84.02113005000001,83.84187435,83.63274270000001,83.94146085000001,13149,5752030
2013-11-26,84.4891866,84.3497655,83.67755662500001,83.86179165,13253,6944501
2013-11-27,84.8875326,84.8676153,84.3896001,84.44935199999999,13058,6922998
2013-11-29,85.4850516,85.37550645,85.12654020000001,85.2062094,7178,5452757
2013-12-02,85.6045554,85.12654020000001,85.00205707500001,85.46513429999999,13913,6449913
2013-12-03,85.2858786,85.04687100000001,84.73815285,85.04687100000001,18121,9247296
2013-12-04,85.41534105,85.11658154999999,84.43939335,84.69831825,21416,10895125
2013-12-05,85.30579589999999,85.02695369999999,84.81782205,85.2062094,19609,10885001
2013-12-06,85.8236457,85.64439,85.23608535000001,85.74397649999999,16659,10948198
2013-12-09,86.167219125,85.99294275,85.85352164999999,85.99294275,13848,6521885
2013-12-10,86.09252925,85.93319085,85.77385244999999,85.85352164999999,15200,7865232
2013-12-11,86.042736,84.8277807,84.7082769,85.9232322,20307,10379704
2013-12-12,85.0667883,84.6086904,84.55889714999999,84.85765665,18706,9090969
2013-12-13,85.04687100000001,84.49914525,84.35972414999999,85.0070364,15842,8449097
2013-12-16,85.45517565,84.97716045,84.862635975,84.91740854999999,11987,5585422
2013-12-17,85.1663748,84.79790475,84.63856634999999,84.9871191,13611,6330495
2013-12-18,85.85352164999999,85.7838111,83.70245324999999,84.89749125,43924,17774978
2013-12-19,85.64439,85.5448035,85.1663748,85.64439,21755,12546593
2013-12-20,86.3215782,86.11244655,85.38546509999999,85.43525835000001,17978,10553369
2013-12-23,87.04855965,87.04855965,86.60042039999999,86.84938665,10515,5509383
2013-12-24,87.1381875,87.08839425000001,86.914117875,87.06847695,6123,3646634
2013-12-26,87.44690565,87.3771951,87.08839425000001,87.24773265,7969,3964148
2013-12-27,87.5365335,87.15810479999999,87.0585183,87.48674025,7559,3946051
2013-12-30,87.14814615,87.02864235,86.78963475,87.02864235,7344,3902804
2013-12-31,87.5962854,87.5962854,87.16806345,87.18798075,8534,6131253
2014-01-02,87.2178567,86.90913855,86.6601723,87.1979394,17416,8358590
2014-01-03,86.98880774999999,86.2817436,86.266805625,86.90913855,11220,6407662
2014-01-06,86.4012474,85.9630668,85.64439,86.3016609,15663,7557048
2014-01-07,86.884241925,86.72988285000001,86.21203304999999,86.3614128,11983,5524961
2014-01-08,87.18798075,86.94897315,86.59046175,86.7796761,14363,6489139
2014-01-09,87.2776086,86.65021365000001,86.37137145,87.26764994999999,13677,6018283
2014-01-10,87.038601,86.9390145,86.2219917,86.86930395,16733,8032981
2014-01-13,87.1182702,85.6244727,85.320733875,86.80955205000001,23778,11991741
2014-01-14,87.3572778,87.28756725000001,85.9431495,85.9431495,19880,10141266
2014-01-15,88.1738871,88.00459005,87.5763681,87.66599595,14173,8223942
2014-01-16,88.1340525,88.01454869999999,87.7954584,87.9348795,12900,6495355
2014-01-17,88.00459005,87.48674025,87.30748455,87.74566515,14384,8781649
2014-01-21,88.22368035000001,88.18384575,87.44690565,88.0743006,15374,7208717
2014-01-22,88.62202635,88.44277065,88.1539698,88.4128947,13085,5509455
2014-01-23,88.1539698,88.10417655,87.4966989,88.14401115000001,19338,8753336
2014-01-24,87.8153757,86.35145415,86.35145415,87.68591325,33763,15995061
2014-01-27,86.53070985,85.5448035,84.9074499,86.3813301,39522,16077090
2014-01-28,85.58463809999999,85.4850516,84.95724315,85.1464575,23978,12945713
2014-01-29,85.38546509999999,84.57881445000001,84.4095174,84.75807015,30612,14163680
2014-01-30,86.43112335,86.13236384999999,85.53484485,85.61451405,21160,9126727
2014-01-31,86.3215782,85.91327355,85.09666425,85.1862921,26410,13726522
2014-02-03,86.1423225,83.94146085000001,83.72237055,85.75393515,33109,16974742
2014-02-04,84.89749125,84.55889714999999,84.1107579,84.36968279999999,24100,11077367
2014-02-05,84.63856634999999,84.33980685,83.40369375,84.28005495,25298,10716994
2014-02-06,85.5248862,85.41534105,84.56885580000001,84.5887731,15128,7958616
2014-02-07,86.98880774999999,86.94897315,85.64439,85.89335625,17986,11260476
2014-02-10,87.46682295,87.44690565,86.84938665,86.90913855,13047,6636507
2014-02-11,88.60210905,88.42285335000001,87.52657485,87.62616134999999,19025,11520668
2014-02-12,88.7913234,88.60210905,88.34318415,88.6120677,13739,7582937
2014-02-13,89.3290905,89.25937995,87.94483815,87.9547968,17951,9587635
2014-02-14,89.63780865000001,89.43863565000001,88.96062045,89.22950399999999,12369,7035169
2014-02-18,90.03615465,89.87681625,89.3689251,89.58801539999999,13556,8098663
2014-02-19,89.9066922,89.2693386,89.08012425,89.7075192,16531,8917440
2014-02-20,89.841960975,89.67764325,88.94070315,89.31913184999999,16015,8632427
2014-02-21,90.0859479,89.55813945000001,89.45855295,89.9664441,12965,7504726
2014-02-24,90.44445929999999,90.05607195,89.67764325,89.7672711,13175,6872172
2014-02-25,90.33491414999999,89.93656815,89.6477673,90.1656171,13409,6225797
2014-02-26,90.45441794999999,89.85689895,89.50834619999999,90.17557575,15797,8334830
2014-02-27,90.52,90.44,89.73,89.88,14557,6769743
2014-02-28,90.955,90.34,89.55,90.42,22960,11211128
2014-03-03,89.9,89.68,88.87,89.49,20996,9191574
2014-03-04,90.98,90.83,90.56,90.65,15718,6907780
2014-03-05,91.21,91.06,90.77,90.96,12343,7902368
2014-03-06,91.33,90.98,90.66,91.27,10560,6036380
2014-03-07,91.355,90.54,90.08,91.32,13737,7372954
2014-03-10,90.655,90.61,90.03,90.48,8852,5027872
2014-03-11,91.05,90.22,89.951,90.83,12940,5929259
2014-03-12,90.6,90.55,89.49,89.81,13638,6526300
2014-03-13,90.93,89.29,88.88,90.9,24335,11172939
2014-03-14,89.38,88.65,88.635,88.99,24211,10239686
2014-03-17,89.91,89.45,89.2,89.24,15342,7172389
2014-03-18,90.63,90.53,89.53,89.56,16369,7192007
2014-03-19,90.66,90.06,89.45,90.56,19532,9179199
2014-03-20,90.555,90.29,89.58,89.76,14081,7533262
2014-03-21,90.65,89.0,88.825,90.6,29287,13973767
2014-03-24,89.39,88.22,87.41,89.32,36736,17479614
2014-03-25,89.25,88.51,87.78,88.68,24999,10844552
2014-03-26,89.14,87.37,87.36,88.95,26659,10489322
2014-03-27,87.64,86.89,86.41,87.25,35104,16834932
2014-03-28,88.01,87.05,86.82,87.16,17382,8085373
2014-03-31,88.26,87.68,87.63,87.73,16953,7199181
2014-04-01,89.265,89.21,88.08,88.08,15624,7254805
2014-04-02,89.67,89.44,89.04,89.58,13723,6190538
2014-04-03,89.67,88.73,88.22,89.53,13982,6753662
2014-04-04,89.41,86.37,86.14,89.32,51387,21708034
2014-04-07,86.62,85.55,84.955,85.83,44635,19787671
2014-04-08,86.45,86.34,85.35,85.65,29219,12269776
2014-04-09,87.87,87.82,86.44,86.66,22777,10241150
2014-04-10,87.88,85.11,84.87,87.88,35382,16507753
2014-04-11,85.44,84.11,83.92,84.33,44031,19120852
2014-04-14,85.22,84.77,83.99,84.86,29905,10617353
2014-04-15,85.54,85.06,83.28,85.08,45932,19186249
2014-04-16,86.18,86.18,85.1,85.79,26433,9818603
2014-04-17,86.62,86.2,85.64,85.85,24795,9628017
2014-04-21,86.84,86.84,86.01,86.4,14221,5427010
2014-04-22,87.74,87.53,86.99,87.14,16373,6829626
2014-04-23,87.56,86.76,86.71,87.53,21456,8448534
2014-04-24,88.2,87.59,86.66,88.19,27988,11064319
2014-04-25,87.16,86.19,85.99,87.07,22448,9849334
2014-04-28,87.1,86.47,85.11,86.6,28573,11892553
2014-04-29,87.32,87.16,86.32,86.73,26406,9218302
2014-04-30,87.48,87.39,86.54,86.76,25218,9607065
2014-05-01,88.15,87.65,87.31,87.53,16579,7087412
2014-05-02,88.1,87.49,87.29,87.95,19940,7609964
2014-05-05,87.97,87.95,86.77,86.97,13798,5610817
2014-05-06,87.85,86.81,86.775,87.81,15713,6452508
2014-05-07,87.08,86.56,85.54,86.99,27983,13888194
2014-05-08,87.52,86.48,86.05,86.25,23040,10088065
2014-05-09,86.86,86.8,85.85,86.43,18522,7899826
2014-05-12,88.25,88.23,87.24,87.32,15108,6854349
2014-05-13,88.61,88.29,88.12,88.31,14064,5870158
2014-05-14,88.35,87.83,87.63,88.02,13932,6189036
2014-05-15,87.96,87.15,86.59,87.81,24996,13584298
2014-05-16,87.76,87.7,86.65,87.24,20159,10906366
2014-05-19,88.45,88.32,87.3,87.45,12191,5372932
2014-05-20,88.6,88.0,87.65,88.28,16769,7597598
2014-05-21,88.885,88.84,88.12,88.13,15054,7366921
2014-05-22,89.48,89.23,88.81,88.94,11994,6001902
2014-05-23,89.9,89.88,89.13,89.32,10179,5586214
2014-05-27,91.02,91.02,90.21,90.28,13173,7278653
2014-05-28,91.1,90.72,90.65,90.97,14089,7132101
2014-05-29,91.31,91.3,90.86,91.04,11142,7430770
2014-05-30,91.45,91.31,90.835,91.32,11603,8127676
2014-06-02,91.44,91.22,90.65,91.42,14653,6813738
2014-06-03,91.325,91.18,90.81,90.92,10123,4599865
2014-06-04,91.66,91.52,90.81,90.95,8339,4595876
2014-06-05,92.46,92.29,91.3,91.6,18555,9341740
2014-06-06,92.82,92.82,92.455,92.63,10647,5317912
2014-06-09,92.971,92.75,92.5,92.84,9973,5981387
2014-06-10,92.95,92.91,92.56,92.67,12597,5422653
2014-06-11,93.02,92.89,92.505,92.59,9132,5160607
2014-06-12,92.78,92.05,91.73,92.69,17439,9698239
2014-06-13,92.55,92.32,91.92,92.45,13037,5950415
2014-06-16,92.66,92.4,91.97,92.16,9052,4551260
2014-06-17,92.7,92.45,92.18,92.33,10483,4164282
2014-06-18,93.095,92.97,91.98,92.54,14767,6131447
2014-06-19,93.17,92.91,92.5,93.11,8260,6505264
2014-06-20,92.86,92.77,92.53,92.7,9986,5830149
2014-06-23,92.81,92.79,92.52,92.76,7570,3791996
2014-06-24,93.56,92.7,92.44,92.78,12482,6889695
2014-06-25,93.44,93.29,92.48,92.49,11682,6572707
2014-06-26,93.35,93.34,92.62,93.35,11611,5299718
2014-06-27,93.76,93.74,93.21,93.22,7966,5411050
2014-06-30,94.14,93.91,93.67,93.73,10148,4545282
2014-07-01,95.19,94.94,94.2,94.24,14342,8089151
2014-07-02,95.24,95.1,94.92,95.0,9235,4398463
2014-07-03,95.68,95.65,95.16,95.41,6252,3595634
2014-07-07,95.705,95.41,95.23,95.59,11521,6350471
2014-07-08,95.29,94.29,93.87,95.23,16667,9812086
2014-07-09,95.06,94.96,94.25,94.51,11728,6436758
2014-07-10,95.05,94.66,93.64,93.74,18508,8947485
2014-07-11,95.27,95.27,94.62,94.9,9650,4879203
2014-07-14,96.05,95.84,95.535,95.7,9350,4879341
2014-07-15,96.13,95.51,94.83,95.99,16342,9981106
2014-07-16,96.3,95.89,95.79,96.2,10558,5151188
2014-07-17,95.97,94.61,94.32,95.63,18293,9072910
2014-07-18,96.17,96.12,95.0,95.11,16096,8115599
2014-07-21,96.16,96.0,95.56,95.92,11441,7899968
2014-07-22,96.76,96.61,96.35,96.45,8928,5084255
2014-07-23,97.335,97.24,96.775,96.95,11408,6212599
2014-07-24,97.51,97.12,96.98,97.4,12169,7303918
2014-07-25,96.86,96.74,96.24,96.62,11163,7892273
2014-07-28,97.02,96.77,96.03,96.84,11061,6026869
2014-07-29,97.195,96.6,96.52,96.98,12164,7129988
2014-07-30,97.32,96.98,96.61,97.14,15787,9507752
2014-07-31,96.34,95.03,94.88,96.18,22039,11673020
2014-08-01,95.34,94.65,94.04,94.82,24494,12442593
2014-08-04,95.69,95.32,94.525,94.87,14258,8460186
2014-08-05,95.21,94.59,94.15,94.96,20272,10083865
2014-08-06,95.1,94.52,93.92,94.0,14478,7108929
2014-08-07,95.13,94.22,93.89,94.96,14188,7299633
2014-08-08,95.01,94.87,93.97,94.37,15609,8390500
2014-08-11,95.76,95.46,95.21,95.27,10861,5486941
2014-08-12,95.67,95.42,94.93,95.36,10783,5144323
2014-08-13,96.46,96.43,95.765,95.81,11232,5980455
2014-08-14,96.945,96.93,96.435,96.56,9179,5123791
2014-08-15,97.63,97.4,96.49,97.49,22555,12570330
2014-08-18,98.23,98.15,97.77,97.91,11256,6943375
2014-08-19,98.75,98.71,98.325,98.38,10703,5477748
2014-08-20,98.899,98.7,98.54,98.62,10430,6273999
2014-08-21,98.95,98.9,98.6,98.75,7564,4032651
2014-08-22,99.245,99.05,98.73,98.94,10745,5244238
2014-08-25,99.68,99.4,99.169,99.55,9332,5016917
2014-08-26,99.61,99.5,99.28,99.55,7880,4528231
2014-08-27,99.64,99.52,99.311,99.53,6951,3817910
2014-08-28,99.52,99.41,99.09,99.18,7772,4194517
2014-08-29,99.79,99.78,99.28,99.63,7709,3943067
2014-09-02,100.091,100.07,99.67,100.02,9262,4359230
2014-09-03,100.34,99.48,99.3,100.34,10902,5722355
2014-09-04,100.22,99.39,99.14,99.71,10525,5076780
2014-09-05,99.95,99.89,99.04,99.54,13900,6404455
2014-09-08,100.33,100.08,99.62,99.92,9928,5631163
2014-09-09,100.46,99.25,99.065,100.09,17256,8434511
2014-09-10,100.109,100.07,99.11,99.38,14364,7530256
2014-09-11,100.04,99.99,99.25,99.64,14883,7475568
2014-09-12,99.93,99.48,99.17,99.87,13151,7448674
2014-09-15,99.595,98.52,98.22,99.585,17555,7116106
2014-09-16,99.57,99.38,98.06,98.15,17602,8279126
2014-09-17,99.999,99.53,98.94,99.36,19485,9328809
2014-09-18,100.29,100.28,99.731,99.84,12445,5973442
2014-09-19,100.46,99.98,99.58,100.46,21408,11801696
2014-09-22,99.75,99.05,98.62,99.735,25441,11645651
2014-09-23,99.22,98.78,98.58,98.65,17169,7937772
2014-09-24,99.88,99.84,98.55,98.88,15801,7600878
2014-09-25,99.64,97.74,97.701,99.52,24942,13088897
2014-09-26,98.95,98.78,97.9,98.06,18037,9997814
2014-09-29,98.92,98.65,97.75,97.8,18128,7723792
2014-09-30,99.3,98.79,98.33,98.94,19433,9129312
2014-10-01,98.61,97.21,96.909,98.51,27133,12809373
2014-10-02,97.5,97.21,95.98,97.17,28655,13454343
2014-10-03,98.57,98.17,97.44,97.78,18617,8883404
2014-10-06,98.71,97.96,97.66,98.48,16859,7778007
2014-10-07,97.77,96.57,96.56,97.5,21011,9849668
2014-10-08,98.755,98.45,96.06,96.62,34361,13797322
2014-10-09,98.57,96.86,96.71,98.32,36037,15312223
2014-10-10,96.83,94.44,94.42,96.28,41869,17449928
2014-10-13,94.99,92.96,92.89,94.27,40672,16994362
2014-10-14,94.16,92.97,92.71,93.54,35819,14774486
2014-10-15,92.75,92.37,90.25,91.57,67281,24907000
2014-10-16,92.58,91.79,90.4,90.42,56628,20035033
2014-10-17,93.89,93.0,92.46,93.0,36629,13823249
2014-10-20,94.47,94.39,92.81,92.99,22051,7815164
2014-10-21,96.87,96.87,95.32,95.56,27379,9885633
2014-10-22,97.3,96.37,96.31,97.17,25194,9182599
2014-10-23,98.36,97.82,97.17,97.34,27197,10891408
2014-10-24,98.69,98.62,97.64,98.03,22632,9955779
2014-10-27,98.86,98.69,98.02,98.43,27218,6730731
2014-10-28,100.2,100.18,99.08,99.15,24827,7553550
2014-10-29,100.11,99.81,99.11,99.85,33258,7418478
2014-10-30,100.26,100.02,99.14,99.36,25670,6495639
2014-10-31,101.749,101.4,101.07,101.68,31815,9993472
2014-11-03,101.97,101.7,101.439,101.58,14007,7086096
2014-11-04,101.62,101.36,100.68,101.38,11740,4489326
2014-11-05,102.03,101.37,101.02,102.03,13825,5007659
2014-11-06,101.72,101.69,100.93,101.36,14503,5362134
2014-11-07,101.91,101.6,101.08,101.875,11819,4155797
2014-11-10,102.085,101.96,101.38,101.66,8392,3252383
2014-11-11,102.28,102.28,101.705,101.98,7691,2484410
2014-11-12,102.56,102.46,101.88,101.88,9689,3592330
2014-11-13,103.28,102.9,102.43,102.66,11388,3788170
2014-11-14,103.22,103.22,102.53,102.87,12236,4008693
2014-11-17,103.21,102.91,102.43,102.97,9939,3323428
2014-11-18,103.81,103.68,102.991,103.0,11261,4365927
2014-11-19,103.56,103.21,102.74,103.56,14823,5160196
2014-11-20,103.755,103.67,102.695,102.785,10973,3563467
2014-11-21,104.69,103.87,103.55,104.62,15171,6444187
2014-11-24,104.73,104.68,104.06,104.17,9599,3954692
2014-11-25,105.14,104.84,104.58,104.86,11293,3711385
2014-11-26,105.58,105.52,104.84,104.91,8552,3304335
2014-11-28,106.245,106.01,105.74,105.82,7512,3158843
2014-12-01,105.91,104.81,104.42,105.74,18836,6567400
2014-12-02,105.41,105.23,104.71,104.93,13261,4777814
2014-12-03,105.56,105.42,104.765,105.39,12899,5417098
2014-12-04,105.77,105.37,104.94,105.315,12935,4570493
2014-12-05,105.7,105.38,105.15,105.53,11737,4290243
2014-12-08,105.57,104.63,104.08,105.11,15552,5656923
2014-12-09,105.035,104.96,103.05,103.42,21279,8621172
2014-12-10,105.03,103.31,103.13,104.77,23856,8377539
2014-12-11,105.03,103.8,103.595,103.61,20980,7372708
2014-12-12,103.98,102.67,102.66,102.82,25060,9328694
2014-12-15,103.579,101.61,101.315,103.23,31148,10904404
2014-12-16,102.47,99.98,99.96,100.97,42353,15830942
2014-12-17,102.09,101.8,99.92,100.07,46975,19095596
2014-12-18,104.26,104.25,102.98,103.31,23909,9191561
2014-12-19,104.74,104.32,103.71,103.99,30256,12186147
2014-12-22,104.61,104.58,104.1,104.16,19543,5628876
2014-12-23,104.97,104.21,104.09,104.97,16262,5311443
2014-12-24,104.69,104.3,104.27,104.35,7619,2499759
2014-12-26,105.26,105.04,104.57,104.57,11786,4096263
2014-12-29,105.24,105.02,104.88,104.98,11902,4855241
2014-12-30,104.95,104.32,104.175,104.73,9428,3441035
2014-12-31,104.91,103.25,103.1,104.51,13565,5481059
2015-01-02,104.2,102.94,102.45,103.75,18969,6937654
2015-01-05,102.61,101.43,101.15,102.5,22041,7429355
2015-01-06,101.74,100.07,99.62,101.58,36047,14835979
2015-01-07,101.59,101.36,100.49,100.74,22360,7585147
2015-01-08,103.5,103.3,102.12,102.25,23111,9775810
2015-01-09,103.65,102.62,102.02,103.61,27631,10131932
2015-01-12,102.93,101.55,101.285,102.82,20671,6232202
2015-01-13,103.61,101.52,100.71,102.54,34062,11856934
2015-01-14,101.48,100.96,100.08,100.48,34094,11340032
2015-01-15,101.59,99.65,99.525,101.39,32188,10089871
2015-01-16,100.945,100.82,99.36,99.52,22179,8472563
2015-01-20,101.88,101.62,100.29,101.44,20846,7208905
2015-01-21,102.61,102.14,100.97,101.33,26201,8018003
2015-01-22,104.13,104.03,101.64,102.57,25562,8615679
2015-01-23,104.57,104.26,103.73,104.05,19156,8199489
2015-01-26,104.32,104.14,103.62,104.17,14965,4946413
2015-01-27,102.555,101.44,101.1,102.51,29146,10182643
2015-01-28,103.18,100.92,100.905,103.09,34973,10749732
2015-01-29,102.07,101.89,99.97,100.83,30881,10239538
2015-01-30,102.57,101.1,100.96,101.8,30127,10158216
2015-02-02,102.07,101.98,99.75,101.33,31603,9653735
2015-02-03,103.03,102.96,101.69,102.33,21058,7829316
2015-02-04,103.55,102.87,102.31,102.54,24001,8686751
2015-02-05,103.82,103.76,102.87,103.13,14788,4966117
2015-02-06,104.16,103.13,102.765,103.92,17974,6014702
2015-02-09,103.27,102.8,102.55,102.72,14738,4613298
2015-02-10,104.53,104.4,103.21,103.38,16564,5357449
2015-02-11,105.01,104.78,104.32,104.51,15731,5169116
2015-02-12,106.04,106.0,105.31,105.45,15708,5124906
2015-02-13,106.93,106.91,106.11,106.29,15695,5729009
2015-02-17,107.07,107.01,106.65,106.91,10887,4025773
2015-02-18,107.21,107.16,106.74,106.9,9311,3197901
2015-02-19,107.76,107.69,107.07,107.09,12657,4444263
2015-02-20,108.47,108.41,107.29,107.6,18362,7120954
2015-02-23,108.545,108.52,108.11,108.4,10066,3833596
2015-02-24,108.73,108.6,108.05,108.41,10948,4671078
2015-02-25,108.86,108.33,108.1,108.44,12470,4364366
2015-02-26,108.93,108.88,108.14,108.44,10870,4995056
2015-02-27,108.91,108.4,108.24,108.86,11591,4482702
2015-03-02,109.41,109.38,108.59,108.61,11858,4511397
2015-03-03,109.16,108.87,108.18,109.06,13035,4647909
2015-03-04,108.66,108.45,107.86,108.53,13510,4914197
2015-03-05,108.96,108.64,108.2,108.73,8797,3380840
2015-03-06,108.71,107.41,107.14,108.52,16830,5944648
2015-03-09,107.98,107.72,107.2,107.635,13845,4837803
2015-03-10,106.96,105.72,105.72,106.95,18155,7185787
2015-03-11,106.01,105.11,105.075,105.87,13889,4749380
2015-03-12,105.92,105.8,104.96,105.03,13474,4780476
2015-03-13,106.12,105.34,104.68,105.67,20885,8575291
2015-03-16,106.73,106.7,105.62,105.76,14581,5136800
2015-03-17,107.035,106.87,106.17,106.41,13012,4421726
2015-03-18,108.405,107.92,106.04,106.57,28257,9214826
2015-03-19,108.37,108.08,107.87,108.04,17110,6620231
2015-03-20,109.07,108.53,108.52,108.74,16923,6847936
2015-03-23,108.77,108.32,108.28,108.5,9595,3311104
2015-03-24,108.81,107.93,107.91,108.3,13813,4431199
2015-03-25,108.19,105.46,105.42,108.11,26892,9256882
2015-03-26,105.69,105.1,104.25,104.59,31758,11799480
2015-03-27,105.76,105.52,104.925,105.1,16629,6356015
2015-03-30,106.81,106.73,106.17,106.18,15881,6003050
2015-03-31,106.65,105.6,105.57,106.4,18022,6801241
2015-04-01,105.62,105.05,104.38,105.6,25490,7637025
2015-04-02,105.46,105.12,104.79,105.17,14470,4762144
2015-04-06,106.26,105.98,104.34,104.5,15299,4479390
2015-04-07,106.7,105.8,105.8,105.91,14194,4617543
2015-04-08,106.79,106.64,105.84,105.9,19840,5047386
2015-04-09,107.34,107.31,106.24,106.64,15556,4138564
2015-04-10,107.75,107.75,107.04,107.27,11409,3834686
2015-04-13,108.38,107.48,107.36,107.81,13241,4262262
2015-04-14,107.67,107.17,106.57,107.4,19357,5461344
2015-04-15,108.07,107.84,107.33,107.47,13984,4177763
2015-04-16,107.87,107.69,107.41,107.585,13050,4095840
2015-04-17,106.95,106.01,105.56,106.68,27840,9041386
2015-04-20,107.78,107.6,106.5,106.54,16621,5621250
2015-04-21,108.4,108.06,107.94,108.22,16579,5801126
2015-04-22,108.825,108.65,107.64,108.34,15375,4381199
2015-04-23,109.55,109.06,108.26,108.3,18209,6312973
2015-04-24,110.69,110.54,110.04,110.19,18975,7314647
2015-04-27,111.15,110.26,110.03,110.96,20044,6813949
2015-04-28,110.55,110.04,109.11,110.33,24021,7018058
2015-04-29,110.06,109.35,108.75,109.42,25733,7475483
2015-04-30,109.17,107.63,107.07,108.74,26763,8989707
2015-05-01,109.12,109.05,108.035,108.06,20134,6660116
2015-05-04,109.91,109.23,109.17,109.39,14180,3696328
2015-05-05,109.0,107.45,107.4,108.81,23475,7904178
2015-05-06,107.94,106.71,106.0,107.65,24641,6786225
2015-05-07,107.64,107.35,106.605,106.68,16548,4507367
2015-05-08,108.915,108.69,108.3,108.44,17133,5560704
2015-05-11,108.97,108.27,108.19,108.72,11542,3579559
2015-05-12,108.32,107.78,106.8,107.61,17179,4953477
2015-05-13,108.81,108.0,107.85,108.24,14773,4088723
2015-05-14,109.67,109.58,108.485,108.89,12855,4212219
2015-05-15,110.0,109.58,109.32,109.89,13062,3856381
2015-05-18,110.27,110.06,109.32,109.42,9187,3013497
2015-05-19,110.34,109.94,109.77,110.18,8859,2561509
2015-05-20,110.66,110.01,109.43,110.01,12602,3734721
2015-05-21,110.72,110.58,109.67,109.8,10067,3675337
2015-05-22,110.87,110.47,110.38,110.47,8123,2891458
2015-05-26,110.37,109.2,108.77,110.21,14163,5445433
2015-05-27,111.08,110.96,109.29,109.54,15437,5134416
2015-05-28,111.005,110.71,110.38,110.8,11370,2858800
2015-05-29,110.79,110.05,109.79,110.66,12799,3991269
2015-06-01,110.72,110.42,109.52,110.63,15468,3898161
2015-06-02,110.61,110.07,109.48,110.02,13562,3452607
2015-06-03,110.81,110.4,110.13,110.63,13917,3877773
2015-06-04,110.48,109.56,109.21,109.75,19829,5004545
2015-06-05,109.685,109.3,108.64,109.42,16348,3851594
2015-06-08,109.33,108.19,107.97,109.24,13791,4190871
2015-06-09,108.39,108.01,107.2,107.91,15277,3598636
2015-06-10,109.8,109.49,108.26,108.37,13348,4073896
2015-06-11,110.15,109.65,109.46,109.85,11694,3260504
2015-06-12,109.29,108.75,108.61,109.09,13244,3999378
2015-06-15,108.38,108.21,107.32,107.95,14945,3883305
2015-06-16,108.975,108.8,108.06,108.06,11091,3160389
2015-06-17,109.45,109.1,108.43,108.98,13990,3942092
2015-06-18,110.875,110.69,109.44,109.48,18595,5767718
2015-06-19,110.57,109.89,109.81,110.51,14000,3909631
2015-06-22,111.03,110.7,110.46,110.7,12169,3243467
2015-06-23,110.88,110.79,110.34,110.82,8814,2581041
2015-06-24,111.13,110.22,110.19,110.65,9428,2615381
2015-06-25,110.76,110.0,109.82,110.67,9544,2819346
2015-06-26,110.22,109.27,108.86,109.97,16627,5086171
2015-06-29,108.66,106.69,106.64,108.01,30191,9116468
2015-06-30,107.71,107.07,106.74,107.51,24896,6859374
2015-07-01,108.34,107.92,107.43,108.2,14208,4731383
2015-07-02,108.32,107.95,107.625,108.24,10814,3600426
2015-07-06,108.31,107.7,107.05,107.23,17529,4965993
2015-07-07,108.07,107.97,105.84,107.83,30646,8633536
2015-07-08,107.32,106.09,105.9,107.14,30567,7328207
2015-07-09,107.59,106.03,106.03,107.52,22107,5193067
2015-07-10,108.045,107.65,107.06,107.45,16494,5037296
2015-07-13,109.63,109.54,108.57,108.57,14918,4667196
2015-07-14,110.555,110.26,109.64,109.7,14513,3925122
2015-07-15,110.8,110.38,110.07,110.45,16469,5042038
2015-07-16,111.955,111.94,111.07,111.26,15002,4924577
2015-07-17,113.59,113.59,112.67,112.85,16994,6317241
2015-07-20,114.39,113.98,113.485,113.85,17492,4838265
2015-07-21,114.2,113.91,113.585,114.04,16381,5704284
2015-07-22,113.165,112.62,112.17,112.17,19458,6164764
2015-07-23,113.095,112.2,111.91,112.74,16089,5125322
2015-07-24,112.86,111.1,110.94,112.8,18507,6386361
2015-07-27,110.94,110.18,109.94,110.43,19257,6092886
2015-07-28,111.34,111.13,109.785,110.65,23230,8076458
2015-07-29,111.79,111.55,110.95,111.37,16135,5215110
2015-07-30,112.26,112.08,110.63,111.28,15776,4844036
2015-07-31,112.49,111.95,111.72,112.44,15519,4999561
2015-08-03,112.28,111.6,110.87,112.0,16626,4798278
2015-08-04,111.74,111.39,110.93,111.56,18241,4293580
2015-08-05,112.99,112.25,111.89,112.01,20051,5935309
2015-08-06,112.49,110.45,109.95,112.32,25412,7465415
2015-08-07,110.57,110.31,109.41,110.18,20074,4932389
2015-08-10,111.805,111.57,111.05,111.05,13204,4174638
2015-08-11,111.41,110.14,109.53,110.97,23065,6398223
2015-08-12,110.73,110.52,108.23,109.37,29589,7478662
2015-08-13,111.16,110.34,110.1,110.68,15517,4202851
2015-08-14,110.67,110.51,109.865,110.1,10823,3312345
2015-08-17,111.45,111.43,109.96,110.23,12846,4863142
2015-08-18,111.37,110.86,110.72,111.28,9010,2699027
2015-08-19,111.1,110.13,109.49,110.5,27701,8342991
2015-08-20,109.46,107.08,107.07,109.14,37326,10903584
2015-08-21,106.47,102.4,102.4,105.55,82184,19480232
2015-08-24,102.52,98.46,84.74,94.17,134935,28849699
2015-08-25,102.735,98.09,98.01,102.11,63511,14372290
2015-08-26,103.23,103.03,98.93,100.95,123564,20845706
2015-08-27,105.7,105.64,103.29,104.53,64811,15864305
2015-08-28,105.99,105.62,104.86,105.08,41112,8837334
2015-08-31,105.61,104.31,104.06,105.03,28907,9123308
2015-09-01,103.29,101.05,100.63,101.68,67503,13948923
2015-09-02,103.91,103.9,101.71,102.89,38603,9069789
2015-09-03,105.02,103.39,103.1,104.32,42991,9888021
2015-09-04,102.84,102.16,101.6,102.0,39378,8492784
2015-09-08,105.165,105.04,103.7,104.13,29812,7555039
2015-09-09,106.31,103.86,103.59,106.28,40578,8770910
2015-09-10,105.68,104.99,103.62,103.75,42954,8889131
2015-09-11,105.57,105.57,104.21,104.54,26214,5260355
2015-09-14,105.98,105.25,104.85,105.98,17014,4211482
2015-09-15,106.81,106.49,105.12,105.5,20413,6902546
2015-09-16,107.18,107.09,106.14,106.57,24046,5734040
2015-09-17,108.72,107.13,106.65,107.0,56191,12311397
2015-09-18,106.59,105.35,105.17,105.25,34292,8378463
2015-09-21,106.54,105.68,104.74,105.94,27680,6694333
2015-09-22,104.42,104.1,103.14,104.05,37262,9234402
2015-09-23,104.65,104.18,103.65,104.4,19846,4505538
2015-09-24,104.18,103.8,102.29,103.16,34200,6802759
2015-09-25,105.01,102.92,102.28,104.95,37662,7991577
2015-09-28,102.54,99.99,99.69,102.42,41326,10384885
2015-09-29,101.26,99.47,98.75,100.21,41934,9609811
2015-09-30,101.87,101.76,100.5,100.89,33351,8444384
2015-10-01,102.23,102.22,100.59,101.97,34493,7597063
2015-10-02,104.01,104.01,100.49,100.84,49011,10903216
2015-10-05,105.77,105.5,104.55,104.74,26271,7017601
2015-10-06,105.59,105.0,104.18,105.26,31923,6029127
2015-10-07,105.86,105.63,104.29,105.63,30855,7486443
2015-10-08,106.23,106.05,104.21,105.25,38804,9784282
2015-10-09,106.73,106.53,105.81,106.115,20817,4275449
2015-10-12,106.98,106.79,106.35,106.75,12765,3044148
2015-10-13,107.26,106.1,106.0,106.19,19222,4756780
2015-10-14,106.63,105.93,105.49,106.11,25524,5659648
2015-10-15,107.675,107.67,106.18,106.33,24324,7133484
2015-10-16,108.18,108.12,107.38,107.89,19638,5318046
2015-10-19,108.81,108.74,107.75,107.98,18102,4268583
2015-10-20,108.77,108.18,107.82,108.54,16681,3872567
2015-10-21,108.83,107.52,107.48,108.75,24036,5245490
2015-10-22,109.795,109.71,108.18,108.51,35923,8473564
2015-10-23,113.23,112.78,112.07,112.67,37856,9877876
2015-10-26,113.06,112.85,112.28,112.71,20702,4668930
2015-10-27,113.24,113.08,112.52,112.53,19779,4711969
2015-10-28,114.02,114.02,112.34,113.27,37187,8395615
2015-10-29,114.03,113.84,113.39,113.49,18025,4462772
2015-10-30,114.08,113.33,113.3,113.92,18044,5044894
2015-11-02,114.74,114.61,113.39,113.63,13311,3543767
2015-11-03,115.42,115.01,114.22,114.38,14334,3708619
2015-11-04,115.46,115.02,114.55,115.38,21183,5091951
2015-11-05,115.39,114.71,114.12,115.16,16424,3600847
2015-11-06,114.92,114.79,113.76,114.51,21312,5350061
2015-11-09,114.51,113.57,112.87,114.39,23731,5640978
2015-11-10,113.39,113.28,112.63,112.94,18315,5173847
2015-11-11,114.14,113.14,112.96,113.6,13972,3821595
2015-11-12,113.22,112.04,111.96,112.68,21225,5653671
2015-11-13,111.69,109.84,109.78,111.57,34088,9130142
2015-11-16,111.43,111.42,109.49,109.73,25648,8639839
2015-11-17,112.29,111.49,111.21,111.61,23108,5430761
2015-11-18,113.74,113.63,111.84,111.94,26860,6858085
2015-11-19,114.22,113.71,113.5,113.69,17528,3638547
2015-11-20,114.565,114.48,114.15,114.25,15351,4433399
2015-11-23,114.94,114.15,113.67,114.52,15063,3737475
2015-11-24,114.32,114.05,112.84,113.41,22131,4981770
2015-11-25,114.36,114.15,113.92,114.22,10160,2168234
2015-11-27,114.54,114.31,113.93,114.39,6064,1571034
2015-11-30,114.65,114.02,113.65,114.65,19252,4125110
2015-12-01,115.16,115.16,114.34,114.48,17141,4249986
2015-12-02,115.74,114.45,114.28,115.25,18747,4556900
2015-12-03,114.95,112.51,111.85,114.76,32019,7436740
2015-12-04,115.33,115.14,112.62,112.85,30881,7826368
2015-12-07,115.29,114.62,114.08,115.22,18916,4205195
2015-12-08,114.995,114.63,113.39,113.42,25337,6034063
2015-12-09,114.76,112.89,112.21,114.13,43754,9344650
2015-12-10,114.16,113.4,112.82,113.14,24509,4928758
2015-12-11,112.38,110.79,110.725,112.09,45957,10734183
2015-12-14,111.68,111.63,109.39,110.94,68585,12570413
2015-12-15,113.28,112.31,112.17,112.66,28256,7146034
2015-12-16,114.16,113.98,111.9,113.09,49767,8873536
2015-12-17,114.48,112.32,112.3,114.48,37771,8174307
2015-12-18,111.875,109.83,109.83,111.63,50760,11673199
2015-12-21,111.065,111.05,110.05,110.9,25078,5186255
2015-12-22,111.94,111.78,111.06,111.64,21793,5004730
2015-12-23,112.69,112.61,112.17,112.36,23551,5042847
2015-12-24,112.9,112.59,112.54,112.61,9243,2151014
2015-12-28,112.55,112.53,111.51,112.26,16958,3400163
2015-12-29,114.54,114.3,113.13,113.2,19481,4589490
2015-12-30,114.24,113.27,113.26,114.2,14438,3194317
2015-12-31,113.07,111.86,111.84,112.89,27188,6200044
2016-01-04,109.59,109.5,108.13,109.45,39091,9417092
2016-01-05,110.17,109.31,108.8,110.04,34817,8197922
2016-01-06,108.87,108.26,107.41,107.41,34239,8447011
2016-01-07,107.29,104.87,104.81,105.95,52756,11485830
2016-01-08,106.29,104.01,103.9,105.63,52856,12344506
2016-01-11,105.06,104.33,102.74,104.75,47884,11026980
2016-01-12,106.07,105.54,104.08,105.33,45727,10316511
2016-01-13,106.22,101.9,101.745,105.97,61875,14708846
2016-01-14,104.97,104.07,100.67,102.36,68176,16709200
2016-01-15,101.94,100.84,99.52,100.62,87823,19177973
2016-01-19,102.37,101.06,99.88,102.21,55358,11222944
2016-01-20,101.83,100.75,97.26,99.47,84850,17086000
2016-01-21,102.34,100.85,99.83,101.18,71349,12820225
2016-01-22,103.81,103.77,102.54,102.88,39102,8815549
2016-01-25,103.99,102.23,102.14,103.4,44789,7722545
2016-01-26,103.58,103.15,101.77,102.66,41543,8321931
2016-01-27,102.98,100.58,100.15,102.58,72782,12402660
2016-01-28,102.29,102.0,100.27,102.25,59415,11010505
2016-01-29,104.17,104.13,101.94,101.97,48544,11030719
2016-02-01,104.8,104.41,103.23,103.63,32428,6642551
2016-02-02,103.93,102.15,101.84,103.93,41147,8153136
2016-02-03,102.83,101.66,99.88,102.83,90306,14254578
2016-02-04,102.45,101.65,100.45,101.39,67614,10642786
2016-02-05,101.32,98.12,97.73,101.27,77438,14692689
2016-02-08,97.05,96.62,94.84,96.29,93984,16762198
2016-02-09,97.78,96.32,95.19,95.33,85184,14291870
2016-02-10,98.68,96.69,96.63,97.43,71233,11704048
2016-02-11,97.32,96.55,95.19,95.46,107787,16733750
2016-02-12,98.12,98.02,96.73,97.64,46500,8543743
2016-02-16,100.23,100.23,98.86,99.47,44310,9638249
2016-02-17,102.64,102.5,100.7,100.96,46556,9620409
2016-02-18,102.83,101.33,101.2,102.82,44077,8282150
2016-02-19,101.94,101.63,100.62,100.84,34786,5851210
2016-02-22,103.37,103.28,102.48,102.58,25150,4891782
2016-02-23,102.95,101.58,101.52,102.675,26977,5302862
2016-02-24,102.68,102.55,99.77,100.39,42962,8913710
2016-02-25,103.56,103.56,101.85,102.76,30297,6403891
2016-02-26,104.36,103.43,103.185,104.35,34163,6575533
2016-02-29,104.1,102.5,102.5,103.33,31969,6055036
2016-03-01,105.79,105.79,103.16,103.48,30701,7184813
2016-03-02,105.84,105.83,105.01,105.66,31229,5826027
2016-03-03,105.75,105.63,104.87,105.72,23115,5134549
2016-03-04,106.35,105.67,104.97,105.75,31787,5991864
2016-03-07,105.74,105.02,104.27,105.13,24028,4896232
2016-03-08,105.21,104.15,103.97,104.3,34715,6815291
2016-03-09,104.83,104.82,103.97,104.54,25201,5529528
2016-03-10,105.86,104.66,103.32,105.26,38015,7555944
2016-03-11,106.49,106.49,105.46,105.79,23817,5726712
2016-03-14,106.92,106.67,106.07,106.09,16525,3786865
2016-03-15,106.74,106.63,105.95,106.29,18025,3947220
2016-03-16,107.85,107.58,106.35,106.37,26994,5329687
2016-03-17,107.765,107.52,106.875,107.27,20545,4431492
2016-03-18,107.63,107.37,106.81,107.46,22664,5856571
2016-03-21,107.88,107.79,107.12,107.18,16452,3076374
2016-03-22,108.36,108.12,107.17,107.18,15636,3655873
2016-03-23,107.98,107.23,106.99,107.91,16053,3991799
2016-03-24,107.29,107.26,106.53,106.71,12041,2826135
2016-03-28,107.56,107.11,106.93,107.56,11561,2445878
2016-03-29,108.9,108.83,106.74,106.91,18682,5190998
2016-03-30,110.04,109.36,109.135,109.475,17434,4389433
2016-03-31,109.68,109.2,109.04,109.28,13357,3727461
2016-04-01,110.4,110.36,108.39,108.54,18375,4782793
2016-04-04,110.43,109.94,109.69,110.36,9976,2497335
2016-04-05,109.5,108.88,108.74,109.09,15418,3255112
2016-04-06,110.7,110.67,108.99,108.99,20221,5056705
2016-04-07,110.22,109.08,108.61,110.03,22201,5843895
2016-04-08,110.01,109.0,108.62,109.76,16299,4623873
2016-04-11,110.01,108.6,108.59,109.47,19875,4555771
2016-04-12,109.71,109.51,108.02,108.68,20745,5066130
2016-04-13,111.08,110.91,110.21,110.35,20869,5091900
2016-04-14,111.32,110.92,110.63,110.93,13759,3020756
2016-04-15,111.055,110.64,110.36,110.83,14455,3658346
2016-04-18,111.26,111.23,110.27,110.32,14838,3058740
2016-04-19,111.44,110.55,109.885,111.44,34382,8114115
2016-04-20,111.14,110.64,110.18,110.55,16556,3569342
2016-04-21,111.04,110.65,110.15,110.58,14404,3557646
2016-04-22,109.71,108.98,108.13,109.21,24901,6488236
2016-04-25,108.99,108.98,108.45,108.65,12524,3257377
2016-04-26,109.39,108.45,108.12,109.21,13015,3322444
2016-04-27,107.83,107.58,106.69,107.34,25027,6220013
2016-04-28,108.33,106.28,106.08,107.7,22398,5658344
2016-04-29,106.495,105.72,104.9,106.28,34800,8627805
2016-05-02,106.86,106.72,105.56,105.99,20415,4684209
2016-05-03,106.43,105.73,105.45,105.96,18401,4958044
2016-05-04,105.48,105.05,104.8,105.09,21696,4390758
2016-05-05,105.66,105.02,104.81,105.47,16196,3716480
2016-05-06,105.6,105.58,104.4,104.5,16378,4168925
2016-05-09,106.36,105.88,105.55,105.59,12196,4131193
2016-05-10,107.38,107.33,106.08,106.26,13232,3484436
2016-05-11,107.48,106.36,106.33,107.15,13665,3151225
2016-05-12,106.73,105.89,105.15,106.61,15706,3440749
2016-05-13,106.44,105.5,105.3,105.8,15672,3520543
2016-05-16,107.21,106.82,105.57,105.66,11215,3050651
2016-05-17,107.04,105.48,105.2,106.73,14249,4545329
2016-05-18,106.43,105.86,105.04,105.24,22795,5531688
2016-05-19,105.7,105.31,104.54,105.45,20192,4202562
2016-05-20,106.895,106.47,105.67,105.73,18930,5683352
2016-05-23,106.96,106.33,106.23,106.59,10515,2639678
2016-05-24,108.59,108.46,106.89,106.92,16487,4987807
2016-05-25,109.56,109.24,108.69,108.87,16456,4189653
2016-05-26,109.7,109.56,109.09,109.37,12289,3129272
2016-05-27,110.14,110.13,109.61,109.63,11298,3148455
2016-05-31,110.51,110.34,109.79,110.28,14800,4224904
2016-06-01,110.59,110.35,109.91,110.0,12740,3160294
2016-06-02,110.58,110.58,109.53,110.13,12882,2904962
2016-06-03,110.42,110.06,109.36,110.37,16170,3773629
2016-06-06,110.74,110.46,110.08,110.26,10774,2674072
2016-06-07,110.63,110.18,110.13,110.52,9457,2349368
2016-06-08,110.59,110.37,109.96,110.37,11957,2721736
2016-06-09,110.31,110.19,109.72,109.92,13314,3492754
2016-06-10,109.39,108.94,108.56,109.19,20588,4900738
2016-06-13,108.93,108.03,107.89,108.32,20590,4638069
2016-06-14,108.41,108.03,107.245,107.74,18118,4069612
2016-06-15,108.44,107.72,107.545,108.29,18843,4153684
2016-06-16,108.14,108.04,106.5,107.19,18591,4695672
2016-06-17,107.56,106.49,106.255,107.53,20902,5224604
2016-06-20,108.235,107.16,107.09,107.73,14357,3892802
2016-06-21,107.71,107.5,107.11,107.3,14853,3669957
2016-06-22,108.19,107.24,107.15,107.56,16052,3783491
2016-06-23,108.785,108.77,107.62,108.07,15087,4205574
2016-06-24,106.5,104.29,104.07,104.9,63570,15352401
2016-06-27,103.6,102.22,101.755,103.6,43058,9979488
2016-06-28,104.5,104.46,103.3,103.35,23772,6202836
2016-06-29,106.52,106.31,105.235,105.28,23902,6273352
2016-06-30,107.6,107.54,106.13,106.49,26375,7201062
2016-07-01,108.475,108.08,107.45,107.49,18026,4620436
2016-07-05,107.66,107.42,106.84,107.51,20584,4511289
2016-07-06,108.345,108.3,106.58,106.91,22174,6022858
2016-07-07,108.86,108.62,108.11,108.4,17911,4112578
2016-07-08,110.36,110.3,109.02,109.2,20954,6015595
2016-07-11,111.33,110.93,110.67,110.67,17964,4382791
2016-07-12,111.78,111.49,111.34,111.61,16947,4990089
2016-07-13,111.82,111.22,111.22,111.75,14427,3936796
2016-07-14,112.19,111.98,111.71,111.96,16725,4112987
2016-07-15,112.3,111.8,111.55,112.24,14993,3660553
2016-07-18,112.74,112.54,111.855,111.87,11612,2831121
2016-07-19,112.47,112.13,111.94,112.15,10161,2823600
2016-07-20,113.65,113.44,112.61,112.735,10972,3643785
2016-07-21,113.73,113.18,112.88,113.52,10926,2928077
2016-07-22,113.77,113.65,112.92,113.26,9483,3518621
2016-07-25,113.68,113.66,113.29,113.56,8024,2304872
2016-07-26,114.2,113.79,113.22,113.62,11189,3635874
2016-07-27,114.88,114.58,114.1,114.75,16104,4770526
2016-07-28,115.11,114.98,114.4,114.75,11410,3363989
2016-07-29,115.54,115.23,114.87,115.2,14501,4017285
2016-08-01,116.12,115.84,115.18,115.31,13081,3150635
2016-08-02,115.77,114.96,114.22,115.67,13113,3599094
2016-08-03,115.35,115.34,114.81,114.87,8199,2824945
2016-08-04,115.78,115.67,115.04,115.3,7268,2423854
2016-08-05,117.03,116.78,116.14,116.26,10177,3771547
2016-08-08,116.87,116.65,116.28,116.84,5945,2283467
2016-08-09,117.28,116.92,116.67,116.74,7613,2114566
2016-08-10,117.02,116.62,116.32,116.99,7057,2191004
2016-08-11,117.36,117.12,116.78,117.015,6521,1741790
2016-08-12,117.21,117.2,116.79,116.92,8108,2347328
2016-08-15,117.96,117.7,117.32,117.35,5962,1736278
2016-08-16,117.49,117.05,117.03,117.48,6815,1863424
2016-08-17,117.29,117.26,116.44,117.08,8470,2504702
2016-08-18,117.46,117.29,116.945,117.15,6794,1776335
2016-08-19,117.51,117.26,116.77,117.08,7576,2575318
2016-08-22,117.55,117.35,116.88,117.09,8408,2827474
2016-08-23,118.0,117.56,117.51,117.81,8633,2771072
2016-08-24,117.63,116.8,116.41,117.48,10340,3105595
2016-08-25,116.97,116.61,116.36,116.495,11120,3250832
2016-08-26,117.53,116.78,116.08,116.65,14793,4651621
2016-08-29,117.25,116.94,116.79,116.81,6533,1970276
2016-08-30,117.08,116.56,116.17,116.75,12262,4140306
2016-08-31,116.55,116.44,115.96,116.38,9837,3076796
2016-09-01,116.87,116.74,115.92,116.48,11538,3569823
2016-09-02,117.56,117.12,116.68,117.32,10657,3443059
2016-09-06,117.85,117.85,117.07,117.32,8984,3528712
2016-09-07,118.11,117.92,117.47,117.96,11430,2569764
2016-09-08,117.6,117.23,116.92,117.57,9679,3232700
2016-09-09,116.5,114.28,114.26,116.25,23055,6982281
2016-09-12,116.49,116.33,113.63,113.64,25692,7721562
2016-09-13,116.09,115.29,114.74,115.75,28085,7516053
2016-09-14,116.47,115.84,115.38,115.41,17690,4998409
2016-09-15,117.81,117.64,115.86,115.87,20506,6990261
2016-09-16,117.41,117.29,116.71,117.24,14811,5337954
2016-09-19,117.95,116.78,116.56,117.59,11476,2874403
2016-09-20,117.47,117.0,116.81,117.2,8417,2067273
2016-09-21,118.32,118.15,116.82,117.5,23252,6459834
2016-09-22,119.21,119.09,118.72,118.84,14143,4218044
2016-09-23,119.0,118.33,118.17,119.0,12896,3411260
2016-09-26,117.79,117.34,117.17,117.66,10722,3169770
2016-09-27,118.55,118.5,117.16,117.26,12210,3138405
2016-09-28,118.765,118.7,118.09,118.65,12090,3199444
2016-09-29,118.72,117.84,117.34,118.5,20402,5024113
2016-09-30,119.065,118.72,118.03,118.15,14080,5052071
2016-10-03,118.7,118.55,118.09,118.57,12487,3475301
2016-10-04,119.15,118.37,117.93,118.9,17050,4232191
2016-10-05,119.17,118.79,118.67,118.72,9726,2528656
2016-10-06,118.98,118.73,118.16,118.64,8365,2279611
2016-10-07,119.0,118.47,117.9,118.84,15438,3886557
2016-10-10,119.48,119.22,119.04,119.08,9985,3523292
2016-10-11,119.14,117.52,117.01,119.12,19915,5726758
2016-10-12,117.82,117.42,117.06,117.63,11680,2542562
2016-10-13,117.32,117.0,115.95,116.62,16667,4542850
2016-10-14,118.05,117.14,117.07,117.58,12182,3433545
2016-10-17,117.3,116.82,116.68,117.04,9936,2710540
2016-10-18,118.41,117.86,117.8,118.21,10121,3654089
2016-10-19,118.02,117.85,117.65,117.73,9191,2775333
2016-10-20,117.96,117.71,117.03,117.73,10928,3491788
2016-10-21,118.22,118.15,117.42,117.8,8805,2957808
2016-10-24,119.64,119.57,118.9,118.91,10396,3355407
2016-10-25,119.65,119.19,119.01,119.64,11752,3482119
2016-10-26,119.025,118.38,118.04,118.42,12381,3899313
2016-10-27,118.98,117.84,117.68,118.89,11829,3751855
2016-10-28,118.11,117.1,116.74,117.5,23221,6050227
2016-10-31,117.53,116.99,116.93,117.53,9855,3235352
2016-11-01,117.2,116.11,115.11,117.19,15519,4029306
2016-11-02,116.3,115.18,114.9,116.03,22939,4670169
2016-11-03,115.36,114.05,113.93,114.99,13866,3762146
2016-11-04,114.54,113.65,113.46,113.77,16358,4982905
2016-11-07,116.47,116.35,115.3,115.49,13343,5082791
2016-11-08,117.64,117.11,115.97,116.23,15344,3282612
2016-11-09,117.84,117.65,115.61,115.74,54237,13504261
2016-11-10,118.375,115.75,114.195,118.22,56296,12879751
2016-11-11,116.05,115.8,114.84,115.25,28901,6546544
2016-11-14,115.94,114.63,114.04,115.83,27684,6490713
2016-11-15,116.61,116.22,115.34,115.5,20181,5694337
2016-11-16,116.99,116.91,115.67,115.67,12627,3107294
2016-11-17,117.78,117.76,116.61,116.85,17523,3580629
2016-11-18,118.1,117.32,117.22,117.9,12183,3242914
2016-11-21,118.645,118.54,117.58,117.61,14966,4387757
2016-11-22,119.19,118.9,118.615,119.01,12910,3655580
2016-11-23,118.64,118.42,117.9,118.51,14848,3730119
2016-11-25,118.85,118.8,118.43,118.56,5654,1545627
2016-11-28,119.08,118.53,118.42,118.65,8900,2565175
2016-11-29,119.51,118.94,118.3,118.64,14086,3226928
2016-11-30,119.125,117.5,117.46,119.09,19827,6642855
2016-12-01,117.46,115.47,115.29,117.46,27892,7877284
2016-12-02,116.15,115.7,115.22,115.54,18853,4429122
2016-12-05,117.05,116.6,115.77,116.3,17518,4584631
2016-12-06,117.08,116.88,116.39,116.93,14379,3158164
2016-12-07,118.5,118.36,116.3,116.62,20476,5018171
2016-12-08,118.87,118.57,118.18,118.41,17958,3745441
2016-12-09,119.54,119.5,119.005,119.01,15553,3952036
2016-12-12,119.2,118.96,118.47,118.97,15329,3912213
2016-12-13,121.105,120.46,119.32,119.32,26144,7360750
2016-12-14,120.99,120.21,119.87,120.61,20973,5740594
2016-12-15,121.1,120.4,120.09,120.37,16651,4498548
2016-12-16,120.51,119.6,119.37,120.34,14806,4513984
2016-12-19,120.83,120.09,119.55,119.72,12685,3061870
2016-12-20,120.76,120.55,120.34,120.47,8001,2246700
2016-12-21,120.68,120.46,120.19,120.6,5728,1313127
2016-12-22,120.5,120.12,119.66,120.47,10316,3450264
2016-12-23,120.24,120.2,119.81,119.92,5723,1474443
2016-12-27,121.515,120.82,120.41,120.46,11811,3241398
2016-12-28,121.19,119.88,119.8,121.08,14755,3693942
2016-12-29,120.12,119.71,119.335,119.85,11936,2640567
2016-12-30,119.94,118.48,118.15,119.94,23744,6423689
2017-01-03,119.99,119.54,118.89,119.27,19837,5008032
2017-01-04,120.41,120.19,119.66,119.67,14986,4264010
2017-01-05,120.95,120.87,120.1,120.1,13605,4089265
2017-01-06,122.24,121.93,120.69,121.0,15384,3982604
2017-01-09,122.545,122.33,121.95,122.03,11611,3115771
2017-01-10,122.96,122.6,122.1,122.38,13516,3508614
2017-01-11,122.93,122.93,122.02,122.65,16721,3895236
2017-01-12,122.815,122.74,121.6,122.49,15165,3351901
2017-01-13,123.37,123.16,122.8,122.8,10317,2872775
2017-01-17,123.03,122.79,122.44,122.84,11517,2811880
2017-01-18,123.155,123.04,122.67,122.97,10970,2971382
2017-01-19,123.64,122.98,122.72,123.22,9550,2797254
2017-01-20,123.83,123.25,122.93,123.52,15019,4548343
2017-01-23,123.52,123.35,122.58,123.17,12762,3260600
2017-01-24,124.37,124.18,123.39,123.59,11499,3126426
2017-01-25,125.46,125.43,124.86,124.96,11479,2878345
2017-01-26,125.81,125.56,125.35,125.6,13979,3430546
2017-01-27,125.92,125.8,125.4,125.83,11902,2761144
2017-01-30,125.38,124.82,124.14,125.38,17524,4583627
2017-01-31,124.6,124.57,123.86,124.38,14127,4019623
2017-02-01,125.68,125.43,124.87,125.45,18598,4701067
2017-02-02,125.7,125.32,124.86,125.21,13436,3084811
2017-02-03,125.81,125.68,125.34,125.45,14935,4256783
2017-02-06,125.84,125.83,125.35,125.47,8631,2407544
2017-02-07,126.55,126.29,125.97,126.09,11833,3368072
2017-02-08,126.68,126.5,125.88,126.12,11833,3397809
2017-02-09,127.24,126.96,126.57,126.63,12303,2808054
2017-02-10,127.555,127.38,127.02,127.24,11873,3270748
2017-02-13,128.26,128.1,127.72,127.77,11388,3505680
2017-02-14,128.535,128.53,127.74,128.15,11764,3409579
2017-02-15,129.34,129.29,128.38,128.44,9406,3259189
2017-02-16,129.62,129.25,128.93,129.37,12119,3196310
2017-02-17,129.82,129.81,129.05,129.06,9267,2952483
2017-02-21,130.53,130.45,129.99,130.06,10633,3105073
2017-02-22,130.59,130.5,130.12,130.33,8106,2397016
2017-02-23,130.7,130.01,129.49,130.7,12062,4005483
2017-02-24,130.26,130.26,129.38,129.42,13752,4803642
2017-02-27,130.43,130.42,129.81,130.02,9705,2584926
2017-02-28,130.45,130.02,129.68,130.39,8986,2435068
2017-03-01,131.68,131.44,130.61,130.85,14703,4219160
2017-03-02,131.42,130.78,130.63,131.41,12163,3654226
2017-03-03,131.06,131.02,130.35,130.69,9135,2403917
2017-03-06,130.95,130.73,130.22,130.59,8528,2573428
2017-03-07,131.08,130.51,130.285,130.47,10729,3117839
2017-03-08,131.15,130.74,130.46,130.59,11316,4014434
2017-03-09,131.02,130.84,130.15,130.71,10097,2935888
2017-03-10,131.6,131.39,130.83,131.44,14177,3952467
2017-03-13,131.64,131.61,131.27,131.34,8321,2506092
2017-03-14,131.36,131.29,130.76,131.31,10013,2978082
2017-03-15,132.4,132.1,131.16,131.56,16478,5378194
2017-03-16,132.35,132.01,131.72,132.35,11055,2993201
2017-03-17,132.04,131.69,131.62,131.9,12150,4182668
2017-03-20,132.1,131.81,131.47,131.65,7970,2584080
2017-03-21,132.43,129.81,129.73,132.31,26888,7444377
2017-03-22,130.815,130.69,129.68,129.85,19252,5808172
2017-03-23,130.88,130.36,130.15,130.52,14008,4835198
2017-03-24,131.28,130.63,130.14,130.78,17195,4708888
2017-03-27,131.065,130.84,129.42,129.7,14096,3852989
2017-03-28,132.03,131.64,130.55,130.84,17062,4518323
2017-03-29,132.3,132.25,131.6,131.73,10184,2989915
2017-03-30,132.61,132.47,132.09,132.2,9849,2544036
2017-03-31,132.73,132.38,132.13,132.28,12232,3786234
2017-04-03,132.81,132.3,131.56,132.49,16899,4410078
2017-04-04,132.525,132.51,131.89,131.92,10323,2716148
2017-04-05,133.48,131.97,131.73,132.7,20398,5508578
2017-04-06,132.39,132.04,131.7,132.1,14828,4224477
2017-04-07,132.36,131.97,131.5,132.0,15599,4305146
2017-04-10,132.55,132.02,131.66,132.1,10162,3612295
2017-04-11,132.09,131.45,130.51,131.9,23927,6507063
2017-04-12,131.54,130.92,130.785,131.43,15087,3867186
2017-04-13,131.5,130.4,130.38,130.74,18297,5500611
2017-04-17,131.5,131.48,130.73,130.77,10505,3369903
2017-04-18,131.66,131.28,130.96,131.04,10100,2724936
2017-04-19,132.28,131.49,131.315,131.85,12884,3833662
2017-04-20,132.88,132.59,131.84,132.02,13470,4622940
2017-04-21,132.75,132.56,132.23,132.71,12160,3542803
2017-04-24,134.28,134.16,133.81,134.03,13389,5273916
2017-04-25,135.36,135.13,134.49,134.6,10507,3479070
2017-04-26,135.51,134.94,134.87,135.18,14792,4724730
2017-04-27,135.75,135.75,135.19,135.27,11035,3719023
2017-04-28,136.34,135.99,135.78,136.29,13059,3957855
2017-05-01,137.38,137.2,136.39,136.44,14605,5045099
2017-05-02,137.49,137.43,137.03,137.37,11453,4508304
2017-05-03,137.16,136.99,136.62,137.12,13395,4170245
2017-05-04,137.22,137.04,136.57,136.97,11566,3633634
2017-05-05,137.54,137.54,136.88,137.39,9720,3130815
2017-05-08,137.84,137.84,137.34,137.61,8948,2868716
2017-05-09,138.625,138.32,137.94,138.05,13663,5227500
2017-05-10,138.445,138.4,137.92,138.4,11017,3925623
2017-05-11,138.32,138.29,137.39,138.02,14233,5006124
2017-05-12,138.63,138.6,138.24,138.35,10017,3354846
2017-05-15,139.12,139.04,138.53,138.66,11359,3769478
2017-05-16,139.64,139.62,139.0,139.4,11415,4750728
2017-05-17,138.77,136.07,136.05,138.51,34806,13551105
2017-05-18,137.71,137.26,135.87,136.02,30082,9585855
2017-05-19,138.42,137.84,137.66,137.75,17985,7631923
2017-05-22,139.07,139.0,138.1,138.15,15165,5305322
2017-05-23,139.42,139.14,138.79,139.41,12150,4082774
2017-05-24,139.85,139.78,139.18,139.56,10691,3838254
2017-05-25,141.33,140.97,140.01,140.31,13663,5164107
2017-05-26,141.27,141.22,140.82,141.0,9165,2419444
2017-05-30,141.5,141.34,141.06,141.15,13609,4740125
2017-05-31,141.84,141.29,140.57,141.84,19989,6360795
2017-06-01,141.9,141.84,140.99,141.58,14317,4615278
2017-06-02,143.485,143.46,142.11,142.34,19694,7394687
2017-06-05,143.68,143.43,143.24,143.45,9549,2829573
2017-06-06,143.73,142.86,142.66,143.26,14003,4506005
2017-06-07,143.54,143.42,142.61,143.26,15611,4487811
2017-06-08,143.79,143.57,142.79,143.74,17329,5006097
2017-06-09,143.9,139.98,138.11,143.74,68321,21519040
2017-06-12,139.47,139.23,137.48,138.8,82691,21139243
2017-06-13,140.55,140.36,139.29,140.01,36393,10661466
2017-06-14,140.93,139.75,138.63,140.93,52626,13420876
2017-06-15,139.28,139.13,137.5,138.34,39162,10999439
2017-06-16,138.69,138.15,137.64,138.68,28284,8479902
2017-06-19,140.59,140.46,139.29,139.49,25660,7678180
2017-06-20,140.5,139.36,139.32,140.32,22933,7115102
2017-06-21,140.805,140.74,139.59,139.68,28569,8317012
2017-06-22,141.22,140.7,140.34,140.96,18830,4974142
2017-06-23,141.41,141.24,140.16,140.54,14291,4272776
2017-06-26,142.29,140.58,140.28,142.05,24462,6734352
2017-06-27,140.21,138.03,138.02,140.05,35943,10853643
2017-06-28,140.13,140.02,137.74,138.54,35672,11582429
2017-06-29,139.44,137.59,136.25,139.44,67494,19487444
2017-06-30,138.33,137.64,137.2,137.98,38471,12963284
2017-07-03,138.42,136.19,136.11,138.27,24352,7314230
2017-07-05,137.9,137.53,136.17,136.62,31522,8324338
2017-07-06,137.06,136.29,135.81,136.48,42237,10907130
2017-07-07,138.13,137.76,136.74,136.75,28632,8164104
2017-07-10,138.985,138.66,137.5,137.85,20718,5434341
2017-07-11,139.22,139.05,137.94,138.46,26305,6673102
2017-07-12,140.85,140.7,139.96,140.24,33214,9791086
2017-07-13,141.35,141.01,140.6,140.87,25065,6911587
2017-07-14,142.3,142.12,141.2,141.64,20584,6773531
2017-07-17,142.68,142.19,141.92,142.27,17913,5141994
2017-07-18,143.16,143.14,141.655,142.09,18126,5382316
2017-07-19,144.18,143.98,143.51,143.56,21732,7255253
2017-07-20,144.44,144.17,143.52,144.35,22481,6351543
2017-07-21,144.11,144.11,143.35,143.64,18002,5853449
2017-07-24,144.865,144.77,143.92,144.09,14524,5305303
2017-07-25,144.74,144.4,144.01,144.29,18266,5173780
2017-07-26,144.95,144.87,144.54,144.76,12121,4098314
2017-07-27,145.96,143.96,142.3,145.82,60877,18308178
2017-07-28,144.07,143.84,142.87,143.1,23361,7198085
2017-07-31,144.43,143.23,142.93,144.25,23549,6859302
2017-08-01,143.76,143.56,143.13,143.72,16605,5442880
2017-08-02,144.52,143.95,142.62,144.49,31052,9068695
2017-08-03,144.12,143.39,143.14,144.09,19720,5607795
2017-08-04,143.97,143.65,143.06,143.71,17519,5130039
2017-08-07,144.56,144.56,143.71,143.91,12620,3673726
2017-08-08,145.46,144.31,143.9,144.28,22863,6419854
2017-08-09,144.18,144.12,142.8,143.12,24908,6856449
2017-08-10,143.4,141.03,140.9,143.3,46756,13671651
2017-08-11,142.4,142.1,140.91,141.22,34468,10143568
2017-08-14,144.15,143.93,143.2,143.23,27635,8745726
2017-08-15,144.3,144.03,143.64,144.29,18839,5294282
2017-08-16,144.96,144.28,143.81,144.39,22541,6061202
2017-08-17,143.94,141.33,141.33,143.72,40182,12488672
2017-08-18,142.2,141.23,140.66,141.41,38561,11467900
2017-08-21,141.52,141.05,140.18,141.22,26972,7987452
2017-08-22,143.35,143.2,141.765,141.81,22017,7839583
2017-08-23,143.0,142.69,142.39,142.48,18168,5217422
2017-08-24,143.17,142.27,141.47,143.01,22811,5995759
2017-08-25,143.17,141.97,141.79,142.82,19195,5156760
2017-08-28,142.74,142.41,141.96,142.4,13257,3611666
2017-08-29,143.21,142.97,141.06,141.19,19159,5673572
2017-08-30,144.89,144.65,143.0,143.09,23424,7308766
2017-08-31,146.21,146.2,144.98,145.06,23385,7585212
2017-09-01,146.58,146.0,145.62,146.39,16470,4252937
2017-09-05,145.87,144.69,143.6,145.57,31318,7590033
2017-09-06,145.455,145.13,144.08,145.11,23056,8965783
2017-09-07,145.84,145.47,144.94,145.4,20284,5807887
2017-09-08,145.35,144.21,144.07,145.28,21354,5332203
2017-09-11,146.11,145.87,145.33,145.335,17957,5899132
2017-09-12,146.41,146.22,145.54,146.28,21769,6956892
2017-09-13,146.44,146.42,145.74,145.97,15406,4338995
2017-09-14,146.28,145.56,145.47,145.85,18519,5568262
2017-09-15,146.59,146.06,145.3,145.53,20735,7135927
2017-09-18,146.37,145.55,145.12,145.91,15448,4571684
2017-09-19,146.01,145.8,145.31,145.81,14338,3656361
2017-09-20,145.91,145.35,144.24,145.75,29223,7271047
2017-09-21,145.25,144.46,143.955,145.25,18488,5341081
2017-09-22,144.52,144.32,143.86,144.0,15697,4920562
2017-09-25,143.82,142.8,142.1,143.75,35877,9544099
2017-09-26,143.79,143.17,142.67,143.53,22010,5277356
2017-09-27,145.0,144.46,143.57,143.93,22311,6359920
2017-09-28,144.55,144.41,143.79,144.11,16972,4599035
2017-09-29,145.55,145.45,144.32,144.7,24258,8288303
2017-10-02,146.17,145.58,144.93,145.67,24058,5397936
2017-10-03,146.05,145.89,145.46,145.77,13501,3539483
2017-10-04,146.33,146.03,145.48,145.61,16327,4971773
2017-10-05,147.53,147.46,146.41,146.56,19238,5672001
2017-10-06,147.66,147.66,146.96,146.96,14262,4207006
2017-10-09,148.0,147.49,147.32,147.85,12545,3073962
2017-10-10,148.14,147.6,146.95,147.99,16976,4548297
2017-10-11,148.07,148.04,147.35,147.53,10982,2993746
2017-10-12,148.35,147.77,147.62,147.82,10707,3049731
2017-10-13,148.51,148.34,148.19,148.37,13565,3351101
2017-10-16,148.885,148.85,148.395,148.71,13896,4322954
2017-10-17,149.06,149.04,148.57,148.8,10001,2814570
2017-10-18,149.2,148.86,148.65,149.19,11251,3255489
2017-10-19,148.32,148.31,147.28,147.99,22692,6006850
2017-10-20,149.04,148.71,148.54,148.91,17689,5602927
2017-10-23,149.03,147.74,147.54,149.02,17465,4674958
2017-10-24,148.295,147.99,147.45,148.03,14058,3626315
2017-10-25,148.18,147.43,146.33,147.7,27949,7734492
2017-10-26,147.7,146.96,146.93,147.34,18503,5118011
2017-10-27,151.52,151.24,149.21,149.43,39682,12211362
2017-10-30,152.19,151.58,150.99,151.13,25209,6660551
2017-10-31,152.365,152.15,151.64,152.07,18787,5559147
2017-11-01,152.82,152.1,151.51,152.76,22236,5933694
2017-11-02,151.985,151.81,150.78,151.93,23901,6224017
2017-11-03,153.29,153.27,151.84,152.36,19834,5269920
2017-11-06,153.84,153.79,153.1,153.15,14232,3833324
2017-11-07,154.08,153.88,153.35,153.67,18364,4657046
2017-11-08,154.54,154.5,153.62,153.8,15628,4652156
2017-11-09,153.77,153.69,152.12,153.23,36379,9248535
2017-11-10,153.79,153.68,153.06,153.33,15027,3811586
2017-11-13,154.06,153.87,153.1,153.1,11651,2873350
2017-11-14,153.49,153.31,152.57,153.33,18175,4791392
2017-11-15,153.0,152.59,151.78,152.65,20276,5107558
2017-11-16,154.89,154.54,153.36,153.36,19412,5848937
2017-11-17,154.69,153.95,153.81,154.58,18629,4611060
2017-11-20,154.19,153.83,153.61,154.06,13336,3453868
2017-11-21,155.57,155.5,154.49,154.56,16450,4122547
2017-11-22,155.84,155.69,155.35,155.64,11687,3371053
2017-11-24,156.31,156.26,155.77,155.85,9407,1864239
2017-11-27,156.55,156.19,155.83,156.21,14212,4103621
2017-11-28,156.69,156.59,155.7,156.54,17489,4429138
2017-11-29,156.43,153.86,153.13,156.41,54918,14909452
2017-11-30,155.45,155.15,154.145,154.51,44764,11514073
2017-12-01,155.23,154.49,152.26,154.2,66391,13477733
2017-12-04,155.62,152.71,152.565,155.46,48291,11459672
2017-12-05,154.55,152.81,152.1,152.68,41173,8872879
2017-12-06,153.73,153.5,152.07,152.24,28791,7123222
2017-12-07,154.46,154.02,153.34,153.49,28096,6729365
2017-12-08,155.53,154.7,154.46,155.15,22754,5494474
2017-12-11,155.95,155.9,154.76,154.77,18507,4607748
2017-12-12,156.145,155.69,155.36,155.83,17854,3882317
2017-12-13,156.49,155.99,155.77,156.32,22038,4868487
2017-12-14,156.65,155.88,155.72,156.26,19816,4497709
2017-12-15,157.815,157.65,156.24,156.49,28147,8434609
2017-12-18,158.765,158.64,158.07,158.36,18532,5406101
2017-12-19,158.5,157.7,157.27,158.34,22978,5963453
2017-12-20,158.28,157.53,156.91,158.25,23476,6816654
2017-12-21,158.24,157.55,157.37,157.75,14908,3852446
2017-12-22,157.43,157.37,156.95,157.31,16297,5457025
2017-12-26,156.72,156.52,155.96,156.49,17643,4448367
2017-12-27,156.955,156.54,156.395,156.53,18532,4405671
2017-12-28,157.05,156.73,156.55,157.04,12645,3587786
2017-12-29,156.87,155.76,155.71,156.87,20203,6276686
2018-01-02,158.52,158.49,156.18,156.56,25644,7348580
2018-01-03,160.17,160.03,158.63,158.64,21216,5636949
2018-01-04,160.79,160.31,160.09,160.58,19554,4819092
2018-01-05,162.03,161.92,160.77,161.07,19288,4969670
2018-01-08,162.63,162.55,161.86,161.92,13270,3651132
2018-01-09,163.04,162.56,162.07,162.87,20268,5112417
2018-01-10,162.21,162.18,161.12,161.84,26265,6312762
2018-01-11,163.3,163.29,162.21,162.46,15677,4011128
2018-01-12,164.66,164.49,162.95,163.15,19565,5740711
2018-01-16,166.415,164.02,163.54,165.58,39444,10380646
2018-01-17,166.04,165.79,164.03,164.8,29957,7451634
2018-01-18,166.19,165.82,165.14,165.53,21672,5445774
2018-01-19,166.6,166.34,165.54,166.31,22949,5811900
2018-01-22,168.12,168.12,166.09,166.28,22283,5527430
2018-01-23,169.66,169.51,168.56,168.64,30551,7557520
2018-01-24,170.24,168.41,167.44,169.87,55033,13091834
2018-01-25,169.63,168.35,167.81,169.57,35064,8049897
2018-01-26,170.93,170.93,168.97,169.29,25296,5963090
2018-01-29,170.9,170.1,169.745,170.57,31775,7413879
2018-01-30,169.42,168.7,167.82,168.55,46370,9449835
2018-01-31,169.985,169.4,168.35,169.65,35741,8901689
2018-02-01,169.72,167.96,167.43,168.1,40699,9563803
2018-02-02,167.69,164.61,164.48,167.3,71693,15331961
2018-02-05,165.75,158.12,158.0,163.07,131112,28300810
2018-02-06,162.51,162.31,155.1,155.81,149455,25284860
2018-02-07,163.54,160.21,160.2,161.79,88615,16980042
2018-02-08,160.8,153.45,153.45,160.62,125605,20527551
2018-02-09,157.23,156.1,150.125,155.62,181699,29577717
2018-02-12,159.94,158.87,156.46,157.7,87171,14552626
2018-02-13,160.0,159.69,157.73,157.96,48589,7625350
2018-02-14,162.92,162.68,158.5,158.75,70175,12608113
2018-02-15,165.7,165.7,162.45,164.14,62499,12216660
2018-02-16,166.75,164.96,164.68,165.16,59618,11758842
2018-02-20,166.68,165.29,164.31,164.38,42342,8043103
2018-02-21,167.71,164.82,164.72,166.1,41297,7985040
2018-02-22,166.41,164.8,164.38,165.54,41312,6944879
2018-02-23,168.17,168.17,165.46,166.13,34668,8192611
2018-02-26,170.4,170.4,168.82,168.96,33639,7141852
2018-02-27,170.72,168.29,168.21,170.45,45962,8675786
2018-02-28,169.8,167.21,167.1,169.25,38038,8303067
2018-03-01,168.07,164.48,163.01,167.3,76954,14544148
2018-03-02,166.27,165.99,161.97,162.5,58639,11716506
2018-03-05,168.25,167.83,164.6,165.21,36728,8190689
2018-03-06,169.11,168.54,167.5,168.65,35191,5931980
2018-03-07,169.07,168.93,166.96,167.25,30807,5994742
2018-03-08,169.97,169.86,168.95,169.63,25251,5704398
2018-03-09,173.16,173.16,170.82,171.07,31938,7611532
2018-03-12,174.48,174.08,173.28,173.67,26304,5716606
2018-03-13,175.205,171.71,171.27,174.83,37859,8193205
2018-03-14,172.73,171.68,170.94,172.61,40078,6396722
2018-03-15,172.53,171.53,170.91,171.8,22950,4461187
2018-03-16,172.2,171.02,170.94,171.82,21080,4946788
2018-03-19,169.17,167.1,165.64,169.1,55688,12240025
2018-03-20,168.04,167.65,166.61,167.17,30442,6256398
2018-03-21,168.76,166.92,166.19,167.21,42717,8384668
2018-03-22,165.76,162.8,162.6,164.61,63505,12307402
2018-03-23,163.3,158.51,158.43,162.61,78762,16648186
2018-03-26,164.59,164.4,159.18,161.72,53405,10924550
2018-03-27,165.62,159.08,157.69,165.62,79699,16398793
2018-03-28,159.78,157.25,156.05,158.17,108506,17128812
2018-03-29,161.71,160.13,156.64,158.1,87358,15720852
2018-04-02,159.74,155.51,153.88,158.99,123639,21410436
2018-04-03,157.92,157.26,154.45,156.87,70707,13239165
2018-04-04,160.23,159.74,154.05,154.22,66180,14217969
2018-04-05,161.57,160.65,159.48,161.33,53817,10431049
2018-04-06,160.46,156.63,155.88,158.88,73480,14364095
2018-04-09,160.88,157.73,157.46,157.98,54339,10504635
2018-04-10,161.72,161.21,159.08,160.21,58412,12905393
2018-04-11,162.0,160.28,160.11,160.2,52543,9213014
2018-04-12,162.75,162.21,161.18,161.25,39149,7956392
2018-04-13,163.25,161.37,160.68,163.02,48829,9058308
2018-04-16,163.18,162.6,161.48,162.5,30516,6197631
2018-04-17,166.45,166.1,163.91,164.24,39124,9097140
2018-04-18,167.0,166.44,165.32,166.1,29565,6649695
2018-04-19,165.98,164.91,164.34,165.6,36641,7415389
2018-04-20,164.61,162.3,161.73,164.49,44462,9704313
2018-04-23,163.72,161.89,161.02,163.09,38799,7548545
2018-04-24,162.89,158.46,157.4,162.66,66472,14701759
2018-04-25,159.31,158.65,156.48,158.74,66236,12931485
2018-04-26,162.53,161.99,160.19,160.7,51458,12091293
2018-04-27,164.41,162.09,161.17,164.37,56959,12064466
2018-04-30,163.475,160.94,160.54,162.47,51250,9443727
2018-05-01,162.8,162.78,160.15,160.52,50491,9635220
2018-05-02,163.57,161.82,161.64,163.06,42240,8305995
2018-05-03,162.4,161.8,159.23,161.0,58768,13342156
2018-05-04,165.25,164.87,160.99,161.1,47768,10522766
2018-05-07,166.78,166.24,165.51,165.64,43363,8387726
2018-05-08,166.42,166.07,164.87,165.89,36410,6581783
2018-05-09,168.0,167.88,165.78,166.37,33594,7451080
2018-05-10,169.74,169.62,168.3,168.42,27654,6209331
2018-05-11,169.85,169.46,168.72,169.42,23198,4773310
2018-05-14,170.81,169.75,169.48,169.85,26533,4542039
2018-05-15,168.49,167.87,166.98,168.41,46891,10717977
2018-05-16,169.37,168.98,168.02,168.09,24515,5048811
2018-05-17,169.6,168.33,167.51,168.39,27063,5504233
2018-05-18,168.25,167.46,167.21,167.68,25595,5814634
2018-05-21,169.49,168.4,167.685,168.76,23648,5189034
2018-05-22,169.44,168.18,167.88,169.17,23438,4884595
2018-05-23,169.61,169.6,166.88,166.88,34537,7089780
2018-05-24,169.85,169.55,167.84,169.55,31474,6463745
2018-05-25,170.33,169.72,169.22,169.53,28521,6098917
2018-05-29,169.915,168.97,167.96,168.95,40063,8541874
2018-05-30,170.47,170.18,169.22,169.58,27413,5505905
2018-05-31,171.19,170.07,169.63,170.18,38554,7608757
2018-06-01,172.82,172.74,170.87,170.92,42824,8948321
2018-06-04,174.33,174.3,173.07,173.18,23874,4361083
2018-06-05,175.13,174.84,174.07,174.71,23933,4870985
2018-06-06,175.89,175.86,174.145,175.02,24532,5258592
2018-06-07,175.93,174.43,173.56,175.89,39909,7739170
2018-06-08,174.69,174.44,173.19,173.61,28344,5335421
2018-06-11,175.34,174.91,174.29,174.31,23093,4496162
2018-06-12,176.0,175.83,174.96,175.15,27966,5420931
2018-06-13,177.13,175.82,175.44,176.1,40754,8397068
2018-06-14,177.89,177.6,176.5,176.63,35597,7410919
2018-06-15,177.325,176.98,176.115,176.93,39622,8643335
2018-06-18,176.64,176.5,174.95,175.49,27111,5811196
2018-06-19,176.03,176.0,173.71,174.27,39593,8260651
2018-06-20,177.98,177.25,176.65,176.81,33007,6639978
2018-06-21,177.87,175.71,175.37,177.7,39984,9191312
2018-06-22,176.36,175.32,174.69,176.3,41298,7631632
2018-06-25,173.99,171.37,169.81,173.73,86372,16134463
2018-06-26,173.05,172.07,171.37,172.0,47145,8153837
2018-06-27,173.57,169.73,169.62,172.8,67244,12494014
2018-06-28,171.765,171.19,169.17,169.47,74792,12012253
2018-06-29,172.91,171.65,171.43,172.01,49285,9249501
2018-07-02,172.85,172.8,169.69,169.97,45379,7815085
2018-07-03,173.45,170.8,170.64,173.45,32467,5606670
2018-07-05,173.06,172.92,171.03,171.94,42323,7178543
2018-07-06,175.74,175.61,173.0,173.32,45990,8766983
2018-07-09,177.225,177.19,175.84,176.52,32903,5373364
2018-07-10,177.71,177.32,176.71,177.52,33647,5581588
2018-07-11,177.06,176.42,175.8,175.93,41742,7704470
2018-07-12,179.46,179.46,177.08,177.2,37930,6749179
2018-07-13,179.89,179.61,178.96,179.45,34524,5865705
2018-07-16,179.94,179.18,178.88,179.65,26459,4282161
2018-07-17,180.65,180.27,177.28,177.28,40936,7427974
2018-07-18,180.44,179.93,179.38,180.29,30484,5343588
2018-07-19,179.88,179.03,178.83,179.28,36702,6618249
2018-07-20,180.17,178.99,178.79,179.62,35406,6300781
2018-07-23,179.64,179.56,177.74,178.46,30860,5508290
2018-07-24,182.05,180.3,179.56,181.41,41540,7508049
2018-07-25,182.91,182.82,180.29,180.38,43840,9245938
2018-07-26,180.92,180.05,179.82,180.34,49598,9150383
2018-07-27,181.31,177.62,176.61,181.19,71876,12835787
2018-07-30,177.72,175.11,174.27,177.63,66594,11682579
2018-07-31,177.12,176.45,174.82,175.8,53389,9862418
2018-08-01,177.64,177.12,176.13,176.86,45491,7805857
2018-08-02,179.74,179.53,175.8,175.87,55183,11257956
2018-08-03,180.08,180.08,179.09,179.87,32727,5672523
2018-08-06,181.185,181.14,179.74,179.96,32852,5779842
2018-08-07,182.13,181.8,181.26,181.65,35097,6307522
2018-08-08,182.35,182.02,181.06,181.6,35156,5784119
2018-08-09,182.62,181.91,181.65,181.91,25134,4485272
2018-08-10,181.21,180.52,179.84,180.68,39995,7602166
2018-08-13,182.0,180.32,180.25,180.88,37813,6409356
2018-08-14,181.66,181.45,180.05,181.01,28007,5181059
2018-08-15,180.58,179.23,178.12,180.01,76603,14362881
2018-08-16,180.98,179.82,179.47,180.61,39621,6801225
2018-08-17,180.31,179.86,178.27,179.35,43317,7679248
2018-08-20,180.32,179.7,179.01,180.26,33642,5127129
2018-08-21,181.43,180.36,180.13,180.24,33333,5856985
2018-08-22,181.27,181.06,179.75,179.98,25722,4319001
2018-08-23,182.045,180.8,180.51,180.74,30529,5643731
2018-08-24,182.62,182.48,181.36,181.4,28876,5881797
2018-08-27,184.34,184.34,183.11,183.4,26215,6158066
2018-08-28,185.01,184.61,184.225,184.83,22412,4205177
2018-08-29,186.84,186.74,184.86,184.93,29390,5862760
2018-08-30,187.51,186.41,185.79,186.38,35174,6391473
2018-08-31,187.17,186.65,185.98,186.18,33045,5919593
2018-09-04,186.395,185.85,184.86,186.08,41077,6237473
2018-09-05,185.54,183.45,182.83,185.52,48236,8159192
2018-09-06,183.75,181.81,180.59,183.53,60000,10061267
2018-09-07,182.67,181.11,180.44,180.5,51301,9329129
2018-09-10,182.25,181.72,180.73,182.15,33558,5675231
2018-09-11,183.41,183.12,180.53,180.99,37300,6486313
2018-09-12,182.98,182.58,181.02,182.85,51979,7841119
2018-09-13,184.87,184.53,183.65,183.72,36460,6891008
2018-09-14,184.94,183.99,183.26,184.66,38500,6609714
2018-09-17,183.8,181.34,181.17,183.68,51015,8856673
2018-09-18,183.73,182.84,181.41,181.49,36995,6820178
2018-09-19,183.3,182.7,181.51,182.87,43526,7250289
2018-09-20,184.97,184.72,183.52,183.96,44597,8093882
2018-09-21,185.48,183.71,183.48,185.22,39157,7712711
2018-09-24,183.96,183.89,181.31,182.02,41150,7302193
2018-09-25,184.27,184.14,183.18,183.81,28675,5450403
2018-09-26,185.99,184.27,183.91,184.3,44118,8527919
2018-09-27,186.48,185.83,184.94,185.02,34637,6678384
2018-09-28,186.28,185.79,184.98,185.31,35884,6312288
2018-10-01,187.525,186.17,185.7,186.87,32638,6013051
2018-10-02,187.17,185.75,185.32,186.01,36382,6364340
2018-10-03,186.97,185.95,185.67,186.53,36593,6068135
2018-10-04,185.31,182.38,181.06,185.2,84093,16421895
2018-10-05,182.96,180.15,178.435,182.36,106505,18438207
2018-10-08,180.64,179.05,176.94,179.52,83965,13598068
2018-10-09,181.02,179.63,178.75,179.18,71166,11322691
2018-10-10,178.61,171.73,171.5,178.51,146224,25489030
2018-10-11,173.39,169.6,167.81,171.02,262689,38770613
2018-10-12,174.86,174.32,170.935,174.17,132795,19694265
2018-10-15,174.03,172.21,171.57,173.71,78256,12380784
2018-10-16,177.65,177.22,173.7,174.02,81229,16165117
2018-10-17,178.25,177.29,175.48,178.08,89056,14486287
2018-10-18,176.68,173.18,172.45,176.62,99252,16176571
2018-10-19,176.06,173.02,172.4,174.58,80770,13761573
2018-10-22,175.24,173.91,172.59,174.06,64341,11638915
2018-10-23,174.13,173.27,168.82,170.64,100519,14705301
2018-10-24,173.36,165.34,165.04,173.07,114261,19223399
2018-10-25,172.07,171.06,167.17,167.91,105786,18308814
2018-10-26,169.96,166.66,164.23,165.2,171000,26388715
2018-10-29,169.85,163.23,160.1,169.21,129657,22958241
2018-10-30,166.035,165.92,162.02,162.75,134536,20263205
2018-10-31,171.25,169.82,168.55,168.62,89821,15431531
2018-11-01,172.24,172.06,168.79,170.07,73311,11548401
2018-11-02,172.55,169.38,168.23,171.53,96879,14615043
2018-11-05,169.66,168.96,167.08,169.6,60151,8734459
2018-11-06,171.19,170.24,168.72,168.97,45909,6890329
2018-11-07,175.58,175.58,171.87,172.28,71427,12481938
2018-11-08,175.3,174.46,173.63,174.86,53877,9287869
2018-11-09,173.25,171.52,170.17,172.83,57808,9385311
2018-11-12,170.63,166.33,166.18,170.32,80392,13498286
2018-11-13,169.48,166.47,166.0,167.11,106200,15494285
2018-11-14,168.69,165.2,164.26,168.12,111983,17225970
2018-11-15,168.53,168.09,163.46,164.9,97046,14533888
2018-11-16,168.31,167.5,165.79,166.45,77273,12715034
2018-11-19,166.9,162.06,161.55,166.7,105324,16922835
2018-11-20,161.38,159.16,157.13,158.37,143696,21856400
2018-11-21,161.96,160.37,160.12,161.35,56370,9908188
2018-11-23,160.84,159.21,159.09,159.13,29007,5110884
2018-11-26,162.97,162.89,160.77,161.46,57261,11177384
2018-11-27,163.85,163.44,161.19,162.04,53699,7711358
2018-11-28,168.7,168.7,163.72,164.66,80755,14647653
2018-11-29,169.26,168.15,166.83,167.99,61985,9741339
2018-11-30,169.47,169.37,167.54,168.41,43624,7168898
2018-12-03,173.31,172.33,171.04,173.11,65046,11403318
2018-12-04,171.9,165.72,165.52,171.43,90074,16776045
2018-12-06,166.91,166.89,161.77,162.38,103245,14915150
2018-12-07,167.12,161.38,160.86,166.16,99671,16520559
2018-12-10,163.77,163.07,159.41,161.08,117930,15771317
2018-12-11,165.75,163.61,162.23,165.73,84259,13490365
2018-12-12,167.6,165.05,164.96,166.0,68150,11331332
2018-12-13,166.81,165.1,164.04,166.13,63978,9725029
2018-12-14,163.8,161.08,160.71,163.21,73918,11630743
2018-12-17,161.66,157.43,156.18,160.39,90969,15335750
2018-12-18,159.945,158.42,157.04,158.65,80727,12819323
2018-12-19,160.72,154.53,153.34,158.18,101120,18709855
2018-12-20,155.86,152.29,150.4,154.15,171721,25945836
2018-12-21,154.09,147.57,146.72,153.05,197624,32337423
2018-12-24,147.98,143.5,143.46,146.08,83964,13282930
2018-12-26,152.52,152.46,144.1,145.08,164179,23732047
2018-12-27,153.18,153.05,147.09,150.37,163793,23059605
2018-12-28,155.59,152.97,151.72,154.15,115638,16801216
2018-12-31,154.98,154.26,152.72,154.4,69891,10514490
2019-01-02,155.74,154.88,150.88,150.99,86814,15280941
2019-01-03,153.26,149.82,149.49,152.6,102848,17391155
2019-01-04,157.0,156.23,151.74,152.34,112667,19569684
2019-01-07,158.85,158.09,156.13,156.62,66544,11503580
2019-01-08,160.1,159.52,157.21,159.54,63966,10576337
2019-01-09,161.52,160.82,159.48,160.14,57665,10499420
2019-01-10,161.37,161.28,158.7,159.6,66775,9748682
2019-01-11,160.86,160.69,159.79,160.33,40311,8191825
2019-01-14,159.96,159.27,158.59,159.33,48619,7091338
2019-01-15,162.6,162.38,159.91,160.0,60793,10160700
2019-01-16,163.78,162.35,162.3,162.65,49715,8155820
2019-01-17,164.35,163.63,161.57,161.83,52341,8828247
2019-01-18,166.02,165.25,163.83,164.78,63907,10338088
2019-01-22,164.14,161.94,160.77,164.06,76278,12842710
2019-01-23,163.5,162.15,160.33,162.77,61644,8848333
2019-01-24,163.43,163.2,162.07,162.68,45174,6481819
2019-01-25,165.65,165.15,163.96,164.51,51333,8501511
2019-01-28,163.11,163.11,161.76,163.02,48005,7662397
2019-01-29,163.23,161.57,160.99,163.2,42077,6639918
2019-01-30,166.275,165.68,162.89,163.4,59784,9803170
2019-01-31,168.96,168.16,166.48,166.7,54721,8830659
2019-02-01,168.59,167.45,166.99,167.33,44665,6810448
2019-02-04,169.53,169.53,167.34,167.48,34327,5699511
2019-02-05,171.22,171.03,169.69,169.76,39456,6282702
2019-02-06,171.36,170.52,169.76,171.07,38479,7670609
2019-02-07,169.44,168.23,166.96,168.94,68152,9903168
2019-02-08,168.59,168.56,166.58,166.76,42441,6087837
2019-02-11,169.58,168.4,167.99,169.17,28963,4321741
2019-02-12,171.14,170.89,169.33,169.63,33835,6368133
2019-02-13,172.15,171.01,170.825,171.65,33845,6017963
2019-02-14,171.8,171.22,169.85,170.4,41171,6060233
2019-02-15,172.53,171.94,171.14,172.52,40394,6662098
2019-02-19,172.8,172.28,171.4,171.41,22919,4314858
2019-02-20,173.08,172.25,171.33,172.4,38701,7070802
2019-02-21,172.26,171.62,170.71,171.79,35956,6030484
2019-02-22,173.01,172.89,171.9,171.99,28584,6093996
2019-02-25,174.66,173.52,173.41,174.21,35018,7702624
2019-02-26,174.25,173.7,172.81,173.1,27002,4969040
2019-02-27,173.79,173.59,171.77,172.9,30437,5676433
2019-02-28,173.8,173.19,172.71,173.05,29020,5453454
2019-03-01,174.65,174.39,173.18,174.44,35568,7042686
2019-03-04,175.79,174.42,172.47,175.54,51006,9219298
2019-03-05,175.08,174.55,173.69,174.55,31187,4561189
2019-03-06,174.74,173.56,173.29,174.72,39826,6784584
2019-03-07,173.18,171.43,170.79,173.12,62069,9506408
2019-03-08,171.25,171.17,169.34,169.51,57044,9019071
2019-03-11,174.845,174.73,171.88,171.88,43949,7967983
2019-03-12,176.14,175.69,174.78,175.19,47701,7241465
2019-03-13,177.92,177.01,176.35,176.6,48506,7897979
2019-03-14,177.34,176.71,176.66,177.13,34650,5474019
2019-03-15,178.875,178.35,177.28,177.4,39844,7386903
2019-03-18,178.99,178.45,177.6,177.95,37293,6651110
2019-03-19,180.0,179.05,178.29,179.18,48003,8057583
2019-03-20,180.85,179.76,178.25,179.06,63117,10206637
2019-03-21,182.82,182.57,179.2,179.22,55766,11640457
2019-03-22,182.26,178.56,178.37,181.78,100144,16468704
2019-03-25,178.84,178.22,176.94,177.91,67198,10407412
2019-03-26,180.69,179.05,178.14,179.6,51028,8030721
2019-03-27,179.72,177.9,176.6,179.32,59042,8668360
2019-03-28,178.975,178.31,177.25,178.38,44666,6943031
2019-03-29,179.825,179.66,178.6,179.69,44291,7782954
2019-04-01,182.26,182.04,180.78,181.51,45568,8574648
2019-04-02,182.9,182.73,181.78,182.24,28336,5269514
2019-04-03,184.92,183.78,183.21,183.76,40941,7789302
2019-04-04,184.5,183.71,182.65,183.83,39045,6491892
2019-04-05,184.76,184.66,184.02,184.24,30850,5270900
2019-04-08,185.27,185.13,183.63,184.36,26468,5410208
2019-04-09,185.11,184.48,184.09,184.5,33406,5708301
2019-04-10,185.52,185.47,184.52,184.72,31377,5703146
2019-04-11,185.78,185.03,184.69,185.78,27140,4162897
2019-04-12,185.94,185.83,185.07,185.85,25563,5104898
2019-04-15,186.07,185.86,184.62,185.84,23496,3882899
2019-04-16,186.91,186.5,185.94,186.54,28974,4771789
2019-04-17,187.93,187.15,186.6,187.75,33570,5859937
2019-04-18,187.5,187.39,186.29,187.46,27370,5150459
2019-04-22,187.985,187.92,186.44,186.57,21250,3509788
2019-04-23,190.54,190.31,188.13,188.4,34367,6801422
2019-04-24,190.7,189.71,189.66,190.47,26770,4592575
2019-04-25,191.21,190.48,189.46,191.13,36789,5993506
2019-04-26,190.68,190.65,188.59,190.18,28847,5587188
2019-04-29,191.31,191.02,190.34,190.65,24907,4766246
2019-04-30,189.85,189.54,188.21,189.48,38272,6835050
2019-05-01,191.32,188.93,188.8,190.78,39858,7387462
2019-05-02,189.84,188.11,186.88,188.87,57595,8677884
2019-05-03,191.24,191.11,189.33,189.67,33177,7337311
2019-05-06,190.2,189.94,186.76,187.05,51900,9097606
2019-05-07,188.67,186.24,184.51,187.87,83556,13819435
2019-05-08,187.17,185.77,184.98,185.63,56795,9013199
2019-05-09,185.41,184.77,182.1,183.7,88223,13360297
2019-05-10,185.88,185.0,181.04,184.11,95777,14023744
2019-05-13,181.25,178.58,178.06,180.29,102050,16470315
2019-05-14,181.63,180.54,178.87,179.52,60844,9449012
2019-05-15,183.55,183.09,179.31,179.35,61149,10063733
2019-05-16,186.07,184.93,182.95,183.17,57162,9101424
2019-05-17,185.58,183.04,182.88,183.1,63359,9961500
2019-05-20,181.17,179.95,179.34,180.49,65429,8852143
2019-05-21,182.33,181.83,180.93,181.5,49549,6680815
2019-05-22,182.06,181.02,180.76,180.82,33974,5702785
2019-05-23,179.01,178.25,177.14,178.94,75001,11505862
2019-05-24,179.85,178.16,177.94,179.21,42304,5774700
2019-05-28,179.66,177.49,177.47,178.66,46663,6980083
2019-05-29,177.0,176.03,175.09,176.39,64766,10552391
2019-05-30,177.26,176.77,175.77,176.5,42847,7483624
2019-05-31,175.29,173.95,173.87,174.69,57349,11417178
2019-06-03,173.95,170.12,169.275,173.48,106998,18911678
2019-06-04,174.97,174.91,171.38,172.03,65425,11737255
2019-06-05,176.595,176.21,174.38,176.58,50799,8177477
2019-06-06,178.04,177.61,175.74,176.51,45971,6999578
2019-06-07,181.76,181.04,178.35,178.56,64058,13091986
2019-06-10,184.85,183.15,182.22,182.25,61931,11760684
2019-06-11,185.4,183.4,182.78,185.06,52454,9684201
2019-06-12,183.25,182.34,182.0,182.9,37506,6212815
2019-06-13,183.86,183.42,182.75,183.1,39004,6697484
2019-06-14,183.105,182.64,181.945,182.48,32879,5595409
2019-06-17,184.25,183.74,182.84,183.04,27730,5228611
2019-06-18,187.71,186.41,185.43,185.91,61608,11305304
2019-06-19,187.52,187.11,185.57,186.66,42117,7211445
2019-06-20,189.76,188.85,187.45,189.72,47196,8625114
2019-06-21,189.77,188.57,188.19,188.63,41935,8853878
2019-06-24,188.715,188.16,188.065,188.53,25531,4192984
2019-06-25,188.14,184.93,184.65,188.03,44281,7324932
2019-06-26,187.32,185.79,185.49,186.16,30181,5494640
2019-06-27,186.94,186.5,186.0,186.46,23460,4582377
2019-06-28,187.15,186.74,186.07,186.93,28651,5528249
2019-07-01,190.56,189.26,188.385,190.32,43025,8519488
2019-07-02,190.03,190.01,188.66,189.2,29312,4655768
2019-07-03,191.44,191.44,190.295,190.49,19061,3990542
2019-07-05,191.4,191.05,189.4,190.13,31480,5232320
2019-07-08,189.87,189.71,188.94,189.81,23194,4316925
2019-07-09,190.9,190.66,188.65,188.81,23693,4903831
2019-07-10,193.09,192.56,191.48,191.82,37108,7066315
2019-07-11,193.33,192.42,191.81,192.85,29308,6530870
2019-07-12,193.54,193.53,192.46,192.63,22550,4966363
2019-07-15,194.18,194.15,193.44,193.98,23068,4751409
2019-07-16,194.09,193.15,192.56,193.91,25529,5117783
2019-07-17,193.49,192.2,192.18,193.15,21998,4326379
2019-07-18,192.79,192.42,190.69,191.29,35041,7235376
2019-07-19,193.81,191.01,190.81,193.74,34192,6355220
2019-07-22,192.94,192.53,191.44,191.44,22610,4534226
2019-07-23,193.81,193.79,192.29,193.58,23093,5466545
2019-07-24,195.16,195.15,193.04,193.05,24048,5330495
2019-07-25,194.51,193.3,192.94,194.49,35103,6392455
2019-07-26,195.545,195.29,194.43,194.53,23314,5368252
2019-07-29,195.14,194.62,193.4,195.11,20341,4350722
2019-07-30,194.54,193.78,192.99,193.13,23948,5181309
2019-07-31,194.4,191.1,189.32,194.3,66916,10511801
2019-08-01,194.97,190.15,189.23,191.43,97893,15616447
2019-08-02,188.99,187.35,186.21,188.72,74804,13159750
2019-08-05,183.465,180.73,179.205,183.43,109627,19525602
2019-08-06,183.8,183.26,181.08,182.4,59592,10466299
2019-08-07,184.5,184.25,179.89,181.27,63899,11074164
2019-08-08,188.32,188.26,184.57,185.08,47971,9294622
2019-08-09,187.99,186.49,185.03,187.36,49190,8213073
2019-08-12,185.89,184.35,183.52,185.34,37929,6088023
2019-08-13,189.67,188.39,184.03,184.19,64961,10111653
2019-08-14,185.95,182.76,182.43,185.36,76184,13096196
2019-08-15,183.59,182.55,181.17,183.0,67602,9733407
2019-08-16,185.95,185.48,184.14,184.21,37480,8072218
2019-08-19,188.82,188.43,187.5,188.16,26159,5665333
2019-08-20,188.63,186.97,186.95,187.96,24677,4612386
2019-08-21,189.22,188.63,187.99,188.61,29901,5378419
2019-08-22,189.45,188.02,186.55,188.98,29546,5177884
2019-08-23,188.44,182.07,181.57,186.74,97184,15429588
2019-08-26,184.86,184.82,183.09,184.14,52472,7216059
2019-08-27,186.42,184.43,183.72,186.11,36829,6114229
2019-08-28,185.4,185.09,182.93,183.83,31201,5805211
2019-08-29,188.45,187.92,186.675,187.39,35307,6693188
2019-08-30,188.97,187.47,186.43,188.93,34314,6216615
2019-09-03,187.17,185.65,185.03,186.22,42127,6429405
2019-09-04,188.48,188.33,186.92,187.44,28703,5940976
2019-09-05,192.32,191.78,190.35,190.41,38896,7672099
2019-09-06,192.16,191.59,191.17,192.1,23213,4788095
2019-09-09,192.26,191.19,190.22,192.19,27564,6421962
2019-09-10,190.74,190.64,188.91,190.16,36061,5800958
2019-09-11,192.53,192.43,190.57,191.0,29606,6748141
2019-09-12,194.71,193.23,192.97,193.61,44900,7968773
2019-09-13,193.39,192.54,192.29,193.0,31045,5561355
2019-09-16,192.07,191.68,191.12,191.23,34312,4473098
2019-09-17,192.6,192.6,191.31,191.69,25866,3629954
2019-09-18,192.59,192.52,190.11,192.21,39597,5779244
2019-09-19,194.03,192.84,192.48,192.87,31320,6020426
2019-09-20,193.3,190.8,190.16,193.05,43250,6436286
2019-09-23,191.07,190.5,189.72,190.32,22639,4400862
2019-09-24,191.77,187.97,187.16,191.41,61913,9189345
2019-09-25,190.57,190.08,186.21,187.78,40587,7348128
2019-09-26,189.99,189.38,187.98,189.83,38977,6429451
2019-09-27,189.81,187.03,185.76,189.73,54229,8106387
2019-09-30,189.1,188.81,187.41,187.79,30127,6375165
2019-10-01,190.58,187.27,186.955,189.5,48664,8118076
2019-10-02,186.01,184.05,183.025,186.0,61266,11804482
2019-10-03,186.2,186.07,181.83,184.03,69212,10140200
2019-10-04,189.08,188.81,186.88,187.08,45831,7804536
2019-10-07,189.74,188.24,187.92,188.27,31361,5179065
2019-10-08,187.85,185.42,185.27,187.06,53203,7571068
2019-10-09,188.08,187.23,186.43,186.99,34264,5398487
2019-10-10,189.43,188.68,187.13,187.28,42024,5903854
2019-10-11,192.62,191.11,190.72,190.83,62409,10600931
2019-10-14,191.7,191.09,190.65,190.84,20809,3606736
2019-10-15,193.97,193.52,191.56,191.68,28722,5202486
2019-10-16,193.515,193.04,192.43,192.86,24266,4503816
2019-10-17,194.49,193.55,192.81,194.2,24857,4525034
2019-10-18,193.67,191.69,190.71,193.2,31978,6064355
2019-10-21,193.52,193.39,192.14,192.71,19262,4024914
2019-10-22,194.4,191.85,191.8,194.15,23822,5108728
2019-10-23,192.25,192.22,191.16,191.46,17152,3519590
2019-10-24,194.2,194.09,192.74,193.59,24386,5187048
2019-10-25,195.74,195.64,193.05,193.07,26434,5425452
2019-10-28,197.83,197.57,196.55,196.55,20345,4605524
2019-10-29,197.53,196.04,196.01,197.3,19757,3858796
2019-10-30,197.31,196.99,195.29,196.43,28196,5191743
2019-10-31,197.65,197.08,195.94,197.52,29915,5390525
2019-11-01,198.87,198.87,197.635,197.93,23745,4849037
2019-11-04,200.52,200.1,199.75,200.2,20676,3804864
2019-11-05,200.55,200.21,199.56,200.34,18010,3113589
2019-11-06,200.0,199.76,198.79,199.97,21601,3906970
2019-11-07,201.72,200.43,199.86,200.76,21729,4016078
2019-11-08,201.25,201.23,199.54,200.07,18072,3462543
2019-11-11,201.03,200.96,199.95,200.21,12388,2496785
2019-11-12,202.205,201.54,200.83,201.13,16927,3184585
2019-11-13,201.76,201.59,200.71,200.84,20665,3634292
2019-11-14,201.55,201.43,200.24,200.84,18605,4019233
2019-11-15,202.91,202.91,202.01,202.65,17311,3532136
2019-11-18,203.38,203.07,201.775,202.59,19067,3511965
2019-11-19,203.84,203.37,202.6,203.84,18114,3384142
2019-11-20,203.45,202.15,200.62,202.84,36997,6897850
2019-11-21,202.06,201.7,201.07,201.93,19814,3827993
2019-11-22,202.31,201.83,200.74,202.2,16715,3292867
2019-11-25,204.25,204.22,202.68,202.7,18282,3653038
2019-11-26,204.87,204.61,204.06,204.35,15475,3477106
2019-11-27,206.04,206.04,204.89,205.14,17346,3883348
2019-11-29,205.82,205.1,205.0,205.52,11635,2370627
2019-12-02,205.18,203.0,201.87,205.11,38075,7208785
2019-12-03,201.49,201.41,199.23,200.21,38502,7713767
2019-12-04,202.91,202.43,202.14,202.44,20249,4491254
2019-12-05,203.12,202.83,201.84,203.1,17795,3388652
2019-12-06,205.145,205.0,204.16,204.31,19833,3928809
2019-12-09,205.59,204.07,203.985,204.63,17148,3185973
2019-12-10,204.87,203.9,203.44,204.16,23418,4255841
2019-12-11,205.18,204.98,204.05,204.36,17919,4723266
2019-12-12,207.31,206.51,204.5,204.77,50906,8378211
2019-12-13,207.91,207.19,205.96,206.4,43866,7292465
2019-12-16,209.52,209.27,208.48,208.55,20564,4701254
2019-12-17,209.71,209.39,209.04,209.54,15977,3435962
2019-12-18,210.13,209.55,209.35,209.57,15848,3804274
2019-12-19,210.92,210.86,209.62,209.62,13869,2937081
2019-12-20,212.05,211.71,211.27,211.86,23638,5616490
2019-12-23,212.145,211.81,211.635,212.0,20011,4030131
2019-12-24,212.09,211.92,211.44,212.0,7825,1403837
2019-12-26,213.81,213.79,212.23,212.26,14895,2996204
2019-12-27,214.56,213.61,213.05,214.54,18894,4311155
2019-12-30,213.63,212.21,211.16,213.5,24328,4246822
2019-12-31,212.76,212.61,211.205,211.53,20992,4105834
2020-01-02,216.16,216.16,213.98,214.4,31503,6727827
2020-01-03,215.47,214.18,213.28,213.3,31881,5707096
2020-01-06,215.58,215.56,212.25,212.5,26498,4879055
2020-01-07,216.13,215.53,214.85,215.64,23596,4765048
2020-01-08,218.14,217.15,215.16,215.5,31952,6154834
2020-01-09,219.41,218.99,217.72,218.94,28411,4764911
2020-01-10,219.87,218.43,218.06,219.85,25760,4545793
2020-01-13,220.98,220.95,218.99,219.33,24268,5364214
2020-01-14,221.21,220.08,219.75,220.84,33593,5669010
2020-01-15,221.2,220.17,219.45,220.21,29889,5071500
2020-01-16,222.31,222.28,220.8,221.27,22694,4211140
2020-01-17,223.555,223.38,222.13,223.28,24273,4604711
2020-01-21,223.84,223.28,222.67,222.76,26124,5225476
2020-01-22,225.15,223.87,223.59,224.41,24412,4289328
2020-01-23,224.66,224.59,222.72,223.74,29987,4963834
2020-01-24,225.88,222.7,221.68,225.64,48379,7723667
2020-01-27,219.28,218.1,217.195,217.67,55819,9917189
2020-01-28,221.95,221.45,219.07,219.64,32901,5974887
2020-01-29,222.92,221.81,220.83,222.68,32091,5553420
2020-01-30,222.695,222.6,219.69,220.38,49868,8292973
2020-01-31,223.55,219.07,218.285,223.53,66573,9821350
2020-02-03,222.885,222.38,219.99,220.11,36082,5844972
2020-02-04,227.86,227.47,224.67,225.42,40621,7496378
2020-02-05,230.22,228.22,226.85,230.21,50425,7889607
2020-02-06,230.25,230.19,227.99,228.79,29484,4534949
2020-02-07,230.435,229.2,228.55,229.16,32422,5606767
2020-02-10,231.98,231.97,228.39,228.44,23714,4189839
2020-02-11,234.02,232.01,231.4,233.25,37588,6651030
2020-02-12,234.37,234.27,232.81,233.38,25294,4688060
2020-02-13,234.93,233.97,232.38,232.64,31129,5600796
2020-02-14,234.86,234.64,233.56,234.34,24163,4698834
2020-02-18,235.16,234.73,233.25,233.5,32384,5291035
2020-02-19,237.46,236.98,235.85,236.13,25998,4945622
2020-02-20,236.94,234.78,231.88,236.48,58984,9143195
2020-02-21,234.0,230.27,229.33,233.61,71749,11744027
2020-02-24,224.24,221.39,220.265,221.68,123851,18933484
2020-02-25,223.98,215.37,214.745,223.25,166345,22528059
2020-02-26,220.28,216.48,214.91,216.71,157297,19301941
2020-02-27,214.36,205.64,205.56,210.9,232530,28555156
2020-02-28,207.17,205.8,198.18,198.64,336536,37245610
2020-03-02,216.57,216.42,205.95,208.76,207228,24005002
2020-03-03,219.61,209.48,207.63,217.03,310723,34114100
2020-03-04,218.33,218.22,211.38,213.35,140602,16365387
2020-03-05,216.34,211.59,210.1,212.53,137289,17378858
2020-03-06,209.15,208.02,202.91,204.55,187283,20405321
2020-03-09,201.15,193.57,192.11,193.0,299289,32453964
2020-03-10,204.29,204.11,193.69,201.18,244014,25020675
2020-03-11,200.745,195.22,192.73,199.3,195433,20468754
2020-03-12,190.74,177.32,176.96,182.09,255033,33301773
2020-03-13,194.47,192.34,178.13,187.07,271696,31089628
2020-03-16,184.67,169.3,169.16,171.5,138718,21163532
2020-03-17,184.39,182.14,169.79,175.34,290758,31601633
2020-03-18,179.22,176.6,166.8,171.5,323452,34351957
2020-03-19,183.49,177.66,171.64,175.43,404389,38942350
2020-03-20,182.87,170.7,170.11,181.89,321986,35368443
2020-03-23,174.21,170.46,164.93,170.7,344728,40183654
2020-03-24,183.82,183.66,177.95,179.88,206611,26788469
2020-03-25,189.51,182.3,179.98,184.49,205697,23646057
2020-03-26,192.72,191.9,183.61,183.93,173842,19828295
2020-03-27,190.51,185.3,184.66,186.9,146478,16430952
2020-03-30,192.49,192.04,186.35,187.06,109940,13465352
2020-03-31,195.24,190.4,189.2,191.72,115880,14804029
2020-04-01,187.66,182.31,180.86,184.77,115421,14115575
2020-04-02,186.18,186.01,180.98,181.24,123740,15425304
2020-04-03,187.06,183.37,181.29,185.55,97313,11839053
2020-04-06,197.65,196.48,189.2,190.48,106153,14945196
2020-04-07,202.65,196.4,196.0,202.37,131215,18090916
2020-04-08,201.165,200.57,196.37,198.15,79417,11179712
2020-04-09,203.22,200.86,199.03,202.35,116627,14726552
2020-04-13,203.42,203.03,198.78,200.0,83966,10517001
2020-04-14,212.42,211.86,206.42,207.23,94191,13165871
2020-04-15,211.26,209.43,207.12,208.42,74048,10220143
2020-04-16,214.355,213.25,209.7,211.69,97150,13170388
2020-04-17,216.51,215.29,212.09,216.17,87747,12158634
2020-04-20,215.88,212.74,212.57,213.36,66106,8580389
2020-04-21,211.16,204.89,203.64,210.6,124446,15549755
2020-04-22,212.29,210.97,208.33,209.1,69056,9157643
2020-04-23,214.43,210.52,210.1,211.79,66032,9104731
2020-04-24,214.26,213.84,209.515,210.97,49645,6688174
2020-04-27,216.62,215.56,214.51,216.19,47167,6435378
2020-04-28,217.32,211.5,211.22,217.32,69323,9429979
2020-04-29,219.97,219.0,215.15,216.19,67315,9921712
2020-04-30,219.97,218.91,217.355,219.95,67927,9620641
2020-05-01,216.66,212.74,211.69,214.5,73391,9123123
2020-05-04,215.45,215.22,211.12,211.46,47035,6590912
2020-05-05,220.135,217.66,216.87,217.44,47921,6838471
2020-05-06,221.03,219.0,218.12,219.4,47784,6940061
2020-05-07,222.72,221.82,220.43,221.82,57794,7732401
2020-05-08,224.99,224.86,222.49,223.62,40592,6249623
2020-05-11,227.92,226.87,223.25,223.49,46146,7156098
2020-05-12,228.09,222.12,222.1,227.49,55920,8135030
2020-05-13,224.6,219.34,216.73,222.66,84337,12680556
2020-05-14,221.86,221.83,215.99,217.97,73706,9769498
2020-05-15,223.32,223.27,218.34,218.78,66071,9609407
2020-05-18,228.5,227.43,225.48,226.33,54521,7979909
2020-05-19,229.825,226.86,226.71,227.7,45960,6468167
2020-05-20,231.76,231.39,229.49,229.5,47309,6968908
2020-05-21,232.12,228.87,228.35,231.44,63809,8359525
2020-05-22,229.86,229.66,227.5,228.45,37355,5259547
2020-05-26,233.57,229.04,228.79,233.36,44350,6618401
2020-05-27,230.4,230.29,223.94,228.69,76870,9859275
2020-05-28,233.46,229.99,229.11,229.11,66930,9078303
2020-05-29,233.59,233.36,228.78,230.38,72570,10036792
2020-06-01,234.44,234.06,232.01,232.46,36159,4877302
2020-06-02,235.69,235.63,232.01,234.5,43519,6041673
2020-06-03,237.47,236.69,235.35,236.26,41699,5818090
2020-06-04,237.78,235.03,233.68,236.33,50613,7368429
2020-06-05,240.28,239.69,235.63,236.22,64755,9544798
2020-06-08,241.67,241.55,237.92,239.54,42330,6723608
2020-06-09,244.18,243.3,240.47,240.66,45083,7209271
2020-06-10,247.81,246.22,244.52,245.05,72213,11584390
2020-06-11,243.58,234.02,233.96,242.16,96994,14751147
2020-06-12,240.39,235.88,231.75,239.14,112100,14917134
2020-06-15,239.45,238.75,231.47,232.35,65141,9129742
2020-06-16,244.38,242.85,239.1,243.69,74281,9919230
2020-06-17,245.49,243.62,242.81,244.4,38895,5653186
2020-06-18,244.53,244.28,242.5,243.32,34950,5019236
2020-06-19,247.0,244.24,242.46,246.73,49552,8478015
2020-06-22,246.86,246.74,243.38,243.68,31753,4541612
2020-06-23,251.15,248.84,247.83,248.39,47018,6585580
2020-06-24,249.315,243.71,242.16,248.06,75970,10189604
2020-06-25,246.33,246.03,241.14,243.8,56135,8158544
2020-06-26,245.96,240.22,239.68,245.78,77911,11602479
2020-06-29,242.85,242.84,237.35,239.97,48751,7421432
2020-06-30,248.16,247.6,242.58,242.77,45115,7842426
2020-07-01,251.515,250.49,247.09,247.64,44570,6683150
2020-07-02,254.27,252.19,251.71,253.02,42061,6590394
2020-07-06,258.92,258.39,255.44,255.45,42293,6499488
2020-07-07,260.88,256.61,256.3,258.13,48870,7000529
2020-07-08,260.01,259.99,256.5,257.98,37786,5500806
2020-07-09,262.87,262.18,257.64,261.97,54738,7897418
2020-07-10,264.22,263.97,259.26,262.03,43076,6384715
2020-07-13,269.78,258.54,257.69,266.91,86404,13402058
2020-07-14,260.79,260.37,252.76,255.93,86962,14732609
2020-07-15,262.69,260.9,257.5,261.83,69163,9327113
2020-07-16,259.76,259.12,255.63,258.02,59441,8077610
2020-07-17,260.3,259.42,257.18,259.59,39519,5764958
2020-07-20,267.42,266.78,258.8,260.08,51444,7663588
2020-07-21,268.4,264.0,263.13,268.4,58036,8858156
2020-07-22,265.89,264.93,262.55,264.51,39350,5678883
2020-07-23,265.23,258.01,256.56,264.51,67809,9623803
2020-07-24,256.93,255.56,251.32,254.04,71722,10197825
2020-07-27,260.52,260.12,256.45,257.26,48518,7426868
2020-07-28,259.84,256.81,256.51,259.31,40176,5823653
2020-07-29,260.65,259.77,257.93,258.4,37139,6019608
2020-07-30,261.71,261.13,256.56,257.74,55220,8473676
2020-07-31,265.95,265.79,260.87,265.91,66971,10210992
2020-08-03,270.15,269.38,267.87,268.0,45266,6212083
2020-08-04,270.48,270.38,268.1,268.86,33749,4879728
2020-08-05,271.52,271.05,269.96,270.88,27894,4041814
2020-08-06,274.98,274.64,270.2,270.85,30312,5118849
2020-08-07,274.88,271.47,269.25,274.08,60806,8572838
2020-08-10,271.98,270.31,266.69,271.77,42554,6091925
2020-08-11,270.44,265.19,264.64,269.11,54429,7904580
2020-08-12,272.84,271.86,267.42,267.42,39295,6415705
2020-08-13,274.83,272.48,271.52,272.66,34211,4873937
2020-08-14,273.37,272.16,270.73,273.12,30022,4394679
2020-08-17,275.84,275.32,273.74,273.93,23306,3848870
2020-08-18,278.46,277.97,274.91,276.42,27367,4288969
2020-08-19,279.01,276.1,275.67,277.93,34522,5269802
2020-08-20,280.43,279.93,274.87,275.28,34194,5383215
2020-08-21,282.32,281.87,279.47,280.13,30905,4955981
2020-08-24,285.99,283.63,281.27,285.25,38729,6455542
2020-08-25,285.92,285.86,282.37,282.83,34432,5596808
2020-08-26,292.22,291.96,286.98,287.15,41006,6969122
2020-08-27,293.84,291.05,288.705,292.97,55750,8218338
2020-08-28,293.18,292.53,290.93,292.33,32121,4495753
2020-08-31,296.74,294.88,292.62,293.07,54709,7550239
2020-09-01,300.03,299.92,295.79,297.62,49822,6933211
2020-09-02,303.5,302.76,296.91,303.28,74320,10016359
2020-09-03,298.61,287.41,284.42,298.1,176915,20481320
2020-09-04,288.93,283.58,271.8,285.56,197633,23578554
2020-09-08,278.22,269.95,269.665,272.22,135521,18391475
2020-09-09,280.04,277.88,273.0,275.64,81306,10524071
2020-09-10,282.195,272.34,270.56,280.94,93261,13281522
2020-09-11,275.2,270.45,266.9,274.15,95796,12232005
2020-09-14,277.21,275.16,272.97,274.36,53108,7299131
2020-09-15,280.44,279.06,277.28,279.03,52524,7365284
2020-09-16,280.35,274.61,274.27,279.88,51798,7609239
2020-09-17,272.37,270.32,266.7,267.55,102800,14777960
2020-09-18,272.09,266.87,262.63,271.79,103810,12986491
2020-09-21,267.65,267.51,260.12,262.47,88532,11595701
2020-09-22,273.06,272.48,266.54,269.99,58178,7580621
2020-09-23,272.34,264.16,263.26,272.1,77120,9356111
2020-09-24,268.7,265.39,261.24,261.39,85850,10789304
2020-09-25,272.39,271.56,264.31,265.91,61896,8478459
2020-09-28,277.2,277.2,273.86,276.58,58661,9246511
2020-09-29,277.71,275.95,275.38,276.62,37160,4790892
2020-09-30,281.08,277.84,275.9,276.15,61387,9428845
2020-10-01,282.87,282.25,279.86,281.87,58404,8575032
2020-10-02,279.77,274.31,273.44,276.02,87883,12358595
2020-10-05,280.49,280.16,276.23,276.34,36669,5005343
2020-10-06,281.19,275.16,274.28,279.45,62239,8187813
2020-10-07,280.73,279.92,277.29,277.89,37191,5102308
2020-10-08,282.47,281.41,280.315,282.4,35783,4941335
2020-10-09,285.78,285.71,282.71,283.11,37013,4994913
2020-10-12,297.46,294.53,289.48,290.55,89084,12926048
2020-10-13,297.04,294.52,293.11,296.39,64807,9617694
2020-10-14,296.34,292.06,290.27,295.36,49664,6533806
2020-10-15,290.71,290.1,286.57,287.2,52079,7649696
2020-10-16,293.26,288.51,288.15,291.74,51040,6592060
2020-10-19,291.48,283.8,282.79,290.56,60856,7506554
2020-10-20,287.62,284.41,282.95,284.62,51744,6887942
2020-10-21,287.32,284.19,283.7,284.55,48463,5601403
2020-10-22,285.98,284.18,280.83,285.05,46758,5937700
2020-10-23,284.9,284.74,281.785,284.77,37547,4411977
2020-10-26,285.29,280.47,276.77,282.38,59553,6976557
2020-10-27,283.5,282.66,280.2,281.5,41739,5587427
2020-10-28,278.64,271.64,271.39,278.01,85357,10111238
2020-10-29,279.48,276.39,272.52,273.0,62207,8717673
2020-10-30,275.21,269.38,267.07,274.335,101490,12102162
2020-11-02,273.52,269.98,266.97,271.85,68400,7784145
2020-11-03,276.8,274.65,270.85,271.96,65105,8233007
2020-11-04,288.77,286.91,281.87,283.59,115611,14943734
2020-11-05,295.39,294.39,292.0,293.53,85911,11044248
2020-11-06,295.35,294.61,289.84,293.71,63128,7310300
2020-11-09,299.03,288.59,288.13,297.65,234784,20805440
2020-11-10,286.65,283.42,280.63,285.17,114462,12577239
2020-11-11,290.25,289.76,285.53,286.03,52717,6273661
2020-11-12,292.07,288.4,287.255,290.76,49812,6164291
2020-11-13,291.56,290.93,287.875,290.17,40558,4837275
2020-11-16,293.51,293.2,290.0,290.62,44135,5845001
2020-11-17,293.73,292.27,291.62,293.4,32757,4079117
2020-11-18,293.37,290.11,290.03,291.7,36628,4726546
2020-11-19,292.69,292.38,288.85,289.54,34369,4942395
2020-11-20,293.05,290.38,290.31,292.31,33403,4105479
2020-11-23,292.75,290.39,288.07,291.53,38716,4798846
2020-11-24,294.98,294.47,289.63,291.59,45585,4936077
2020-11-25,296.94,296.28,294.6,295.57,28927,4524786
2020-11-27,300.17,299.01,297.91,298.31,24521,2953623
2020-11-30,299.97,299.62,294.78,299.34,40274,5082997
2020-12-01,305.14,303.46,300.84,301.97,45361,5206363
2020-12-02,304.18,303.85,300.35,302.25,35743,4334849
2020-12-03,305.88,304.28,303.54,304.17,37940,4389622
2020-12-04,305.67,305.52,303.63,304.33,28572,3363763
2020-12-07,307.62,307.25,305.52,305.72,29510,3794394
2020-12-08,308.6,308.29,304.96,306.76,33434,3805440
2020-12-09,308.32,301.31,300.22,308.13,67825,8020675
2020-12-10,303.68,302.52,298.09,299.21,49405,5696377
2020-12-11,301.98,301.85,298.47,300.77,44418,4932274
2020-12-14,306.04,304.04,303.01,303.05,46577,5349869
2020-12-15,307.29,307.29,304.12,306.4,37261,4568860
2020-12-16,309.77,308.98,306.63,307.75,36017,4770149
2020-12-17,311.24,311.0,309.39,310.7,32446,3881569
2020-12-18,311.97,310.06,307.62,311.6,53883,6067534
2020-12-21,309.46,308.92,303.6,306.51,62734,6601084
2020-12-22,310.71,309.76,306.85,309.77,47476,4862970
2020-12-23,310.18,308.2,308.04,309.88,33359,3478956
2020-12-24,310.02,309.56,308.4,308.53,20287,2400115
2020-12-28,313.16,312.68,310.36,312.31,34929,4030329
2020-12-29,314.685,312.96,312.03,314.09,41740,4907859
2020-12-30,314.49,312.97,312.34,314.2,29130,3293787
2020-12-31,314.22,313.74,311.77,312.92,31797,3915696
2021-01-04,315.28,309.31,305.23,315.18,71331,8114500
2021-01-05,312.14,311.86,308.37,308.44,45941,6134842
2021-01-06,311.88,307.54,305.99,306.82,85304,9339416
2021-01-07,315.835,314.98,310.25,310.41,44466,5554048
2021-01-08,319.39,319.03,315.1,317.38,54829,6467474
2021-01-11,317.18,314.42,313.76,315.95,55301,6271664
2021-01-12,315.58,313.92,311.23,314.4,46990,5384799
2021-01-13,316.86,316.04,313.58,314.28,32117,3781497
2021-01-14,317.52,314.35,313.87,316.57,36236,4140042
2021-01-15,315.12,311.86,310.62,313.96,48513,5700557
2021-01-19,316.92,316.41,313.13,314.32,42615,4992683
2021-01-20,324.74,323.77,319.77,320.18,43729,5564027
2021-01-21,327.13,326.36,323.73,325.15,39215,4627335
2021-01-22,326.46,325.42,324.72,325.32,28202,3635792
2021-01-25,330.32,328.11,321.43,328.95,62199,7371528
2021-01-26,329.76,328.59,327.23,328.93,39226,4698529
2021-01-27,326.27,319.43,317.37,326.26,96625,10990564
2021-01-28,326.42,321.32,320.1,320.6,70777,7837425
2021-01-29,320.7,314.56,312.76,319.49,105690,11034652
2021-02-01,323.53,322.42,316.13,318.41,58269,6395561
2021-02-02,328.855,327.68,325.32,325.52,51906,6464735
2021-02-03,330.19,326.38,326.33,329.89,44043,4660642
2021-02-04,330.32,330.24,326.47,327.96,33422,4372928
2021-02-05,332.4,331.36,329.53,331.31,35977,3797708
2021-02-08,333.74,333.58,331.42,333.18,27940,3644720
2021-02-09,334.78,333.51,332.71,332.72,23710,2987291
2021-02-10,335.46,332.75,329.5,334.99,39524,4613866
2021-02-11,334.99,334.58,332.12,334.44,28737,3770720
2021-02-12,336.61,336.45,332.63,333.75,26696,3490529
2021-02-16,338.19,335.54,334.34,337.35,37728,4388483
2021-02-17,334.19,333.93,330.18,332.49,48510,5481490
2021-02-18,333.2,332.47,328.36,330.12,46609,5635598
2021-02-19,333.99,331.02,329.97,333.99,44226,5806587
2021-02-22,327.8,322.44,322.235,326.4,73055,8533048
2021-02-23,323.2,321.48,311.0,316.84,166169,18957165
2021-02-24,324.45,324.13,315.96,318.66,90870,10897370
2021-02-25,324.03,312.83,311.24,321.44,225290,25301796
2021-02-26,319.11,314.14,310.88,315.83,216424,23507986
2021-03-01,323.94,323.59,317.94,319.48,82816,9955276
2021-03-02,324.33,318.4,318.14,324.26,102188,10762548
2021-03-03,318.24,309.16,309.1,317.13,177541,18958201
2021-03-04,312.03,304.1,300.12,308.66,338452,35320814
2021-03-05,309.605,308.68,297.59,306.95,283653,29863290
2021-03-08,310.05,299.94,299.51,308.11,180121,19541800
2021-03-09,313.73,311.77,306.92,307.65,134011,16123445
2021-03-10,316.47,310.88,310.17,316.28,164510,17147090
2021-03-11,319.85,318.04,314.85,316.01,97174,11500931
2021-03-12,315.61,315.46,311.4,313.78,117228,12808613
2021-03-15,319.0,318.83,314.1,315.8,87204,9070210
2021-03-16,324.195,320.58,319.1,321.23,105948,11330241
2021-03-17,323.85,321.9,315.68,317.42,149889,15549942
2021-03-18,317.88,312.04,311.57,316.92,144402,16642250
2021-03-19,314.73,313.14,309.68,311.93,135170,14206597
2021-03-22,320.73,318.61,315.23,315.41,92121,10855526
2021-03-23,321.08,317.22,316.38,319.68,88870,10172603
2021-03-24,318.64,311.87,311.73,318.54,117348,12662637
2021-03-25,312.885,311.33,307.4,309.99,139210,15302484
2021-03-26,316.32,316.0,309.68,311.02,100074,11993043
2021-03-29,316.99,315.91,312.48,315.52,110775,11562733
2021-03-30,314.91,314.32,311.55,314.05,89403,9099908
2021-03-31,320.73,319.13,315.81,316.14,83446,10264072
2021-04-01,324.7,324.57,322.81,323.08,78499,10350324
2021-04-05,331.84,331.05,326.88,327.27,67882,8010811
2021-04-06,332.83,330.82,330.02,330.73,51125,6294798
2021-04-07,332.48,331.62,329.37,330.33,47123,5860735
2021-04-08,335.26,335.08,333.74,334.55,43383,5712749
2021-04-09,337.32,337.11,332.92,333.77,50044,6295044
2021-04-12,337.09,336.67,334.73,336.09,38600,4890405
2021-04-13,341.07,340.6,338.02,338.21,49127,6607684
2021-04-14,340.98,336.51,335.67,340.88,63617,8158760
2021-04-15,342.005,341.61,339.33,339.55,50399,6883474
2021-04-16,342.23,342.01,340.08,341.92,45844,5600587
2021-04-19,341.57,338.88,336.91,340.35,62099,7369516
2021-04-20,339.51,336.41,334.39,338.22,65912,7500967
2021-04-21,339.48,339.29,333.98,335.08,49064,6464205
2021-04-22,339.9,335.2,334.01,338.79,77384,9726583
2021-04-23,340.76,339.42,335.87,335.97,44518,6614514
2021-04-26,341.91,341.63,338.905,339.76,45762,5389142
2021-04-27,342.14,340.15,339.17,341.93,45344,6697939
2021-04-28,340.85,339.0,338.345,339.79,48172,6216079
2021-04-29,342.8,340.22,336.91,342.44,64011,7879783
2021-04-30,340.24,337.99,337.05,337.45,55988,7665574
2021-05-03,339.99,336.19,335.73,339.08,53156,6333051
2021-05-04,333.89,330.14,326.22,333.39,117578,13627139
2021-05-05,333.14,329.03,328.24,332.28,83796,9467002
2021-05-06,331.67,331.51,326.45,328.81,91971,9997174
2021-05-07,336.65,334.2,333.06,334.44,89056,11490822
2021-05-10,332.79,325.76,325.56,332.79,104251,12113990
2021-05-11,326.12,325.31,319.02,319.5,138928,15505844
2021-05-12,322.61,316.89,316.0,320.11,170416,20846986
2021-05-13,322.39,319.34,316.9,320.14,127476,15225190
2021-05-14,327.32,326.39,322.08,322.65,77055,9887152
2021-05-17,325.35,324.41,321.47,324.67,77066,8543894
2021-05-18,326.65,322.22,321.95,325.41,60753,6727281
2021-05-19,322.89,322.59,316.3,316.53,124205,14201104
2021-05-20,329.71,328.83,323.89,324.12,72327,9618556
2021-05-21,330.85,327.01,326.65,330.62,66572,7259741
2021-05-24,333.67,332.51,329.0,329.44,50823,6691708
2021-05-25,334.81,332.97,331.76,334.11,58313,6465374
2021-05-26,334.61,334.13,332.96,333.66,43063,4954231
2021-05-27,334.54,332.88,332.67,333.71,46746,5606900
2021-05-28,335.56,333.93,333.6,334.23,42991,5049990
2021-06-01,335.78,332.82,331.44,335.34,49975,5768921
2021-06-02,334.34,333.47,331.7,333.13,38489,4191557
2021-06-03,331.86,330.0,328.29,330.53,62623,7052075
2021-06-04,336.05,335.6,331.79,331.97,50737,6685520
2021-06-07,336.66,336.6,334.35,335.06,49946,6181139
2021-06-08,339.29,336.76,335.03,338.39,42213,5769528
2021-06-09,338.97,336.84,336.67,338.18,38098,3775252
2021-06-10,340.46,340.35,336.74,337.23,51605,6016773
2021-06-11,341.25,341.24,339.69,340.42,37105,3970172
2021-06-14,344.52,344.51,340.47,341.61,45767,5174412
2021-06-15,344.47,342.26,341.52,344.2,54279,6295689
2021-06-16,343.84,341.01,337.45,342.76,112099,10942664
2021-06-17,346.38,345.34,339.94,339.95,91888,10411150
2021-06-18,344.79,342.63,341.86,343.79,116356,9232942
2021-06-21,344.69,344.36,340.16,342.5,71252,6473938
2021-06-22,348.03,347.57,343.84,344.3,53635,5807600
2021-06-23,348.92,347.74,346.89,347.6,47498,4595244
2021-06-24,351.46,349.89,349.17,349.81,51389,5791060
2021-06-25,350.72,349.46,348.85,350.61,49861,5305914
2021-06-28,353.84,353.71,350.73,350.84,51233,5850449
2021-06-29,355.01,354.99,352.67,353.53,48480,4731525
2021-06-30,355.22,354.43,353.83,354.78,49579,5220677
2021-07-01,355.08,354.57,352.7,354.08,43428,4850106
2021-07-02,358.96,358.64,356.28,356.59,40803,5288866
2021-07-06,360.47,360.19,356.49,359.33,59077,6311514
2021-07-07,362.76,360.95,358.95,362.54,60321,6643807
2021-07-08,359.64,358.77,354.42,355.64,84630,9778390
2021-07-09,361.49,361.01,357.57,358.15,44210,5816278
2021-07-12,362.89,362.42,360.84,362.61,38403,4164890
2021-07-13,365.46,362.42,361.55,362.07,56959,6088711
2021-07-14,365.48,363.07,362.22,364.78,47330,5112166
2021-07-15,363.17,360.52,358.46,362.99,73405,8083151
2021-07-16,362.41,357.6,357.24,361.49,67651,6977915
2021-07-19,355.18,354.67,352.04,354.0,120068,12345042
2021-07-20,360.27,358.79,353.82,355.79,73603,7969189
2021-07-21,361.56,361.56,358.13,358.49,43542,5091222
2021-07-22,363.96,363.95,361.78,361.86,47343,5046542
2021-07-23,368.48,368.2,364.04,365.34,44243,5198097
2021-07-26,368.89,368.49,366.61,367.49,48803,5669847
2021-07-27,368.195,364.43,360.16,368.18,117594,10522018
2021-07-28,367.44,365.83,363.24,365.54,68440,7186282
2021-07-29,367.67,366.48,365.37,365.49,38736,4343849
2021-07-30,365.15,364.57,362.41,362.44,51923,5841265
2021-08-02,366.88,364.6,363.99,366.28,41955,4363647
2021-08-03,366.9,366.81,362.0,365.27,56211,5900522
2021-08-04,368.31,367.34,365.64,366.78,45816,4963618
2021-08-05,369.9,369.67,367.45,368.27,30170,3655525
2021-08-06,369.36,368.05,366.91,368.47,38783,4272476
2021-08-09,369.27,368.73,367.39,368.63,28482,3722317
2021-08-10,369.55,366.84,365.62,369.3,50311,5071227
2021-08-11,368.65,366.21,364.84,368.03,46947,5032019
2021-08-12,367.9,367.53,364.3,365.69,37258,4147504
2021-08-13,369.15,368.82,367.38,367.9,27234,2746712
2021-08-16,369.02,368.98,363.72,367.79,49546,5203000
2021-08-17,367.14,365.73,363.24,366.1,62768,6479867
2021-08-18,366.62,362.21,361.87,365.02,52514,5758605
2021-08-19,365.665,363.96,359.97,360.2,66201,7055051
2021-08-20,368.14,367.73,364.75,365.14,45855,5575918
2021-08-23,373.93,373.23,368.8,368.84,40508,5454616
2021-08-24,374.99,374.37,373.38,373.95,29605,3142310
2021-08-25,375.38,374.8,373.86,374.65,26287,2970251
2021-08-26,374.62,372.42,371.97,374.02,42670,4457839
2021-08-27,376.52,376.04,372.57,372.97,43320,4912764
2021-08-30,380.76,380.26,376.84,376.89,37062,4187107
2021-08-31,380.53,379.95,378.36,380.53,40957,4717038
2021-09-01,382.7,380.58,380.37,380.97,36148,4004182
2021-09-02,382.3,380.4,379.15,381.98,36032,3894244
2021-09-03,381.98,381.57,379.21,379.52,37859,4148120
2021-09-07,382.77,382.11,380.49,381.7,39217,3544657
2021-09-08,381.91,380.78,378.45,381.84,55970,5384123
2021-09-09,382.14,379.47,379.23,380.95,45774,4713962
2021-09-10,381.955,376.59,376.25,381.29,67729,7124444
2021-09-13,379.43,376.33,374.22,379.05,82217,7710532
2021-09-14,378.6,375.26,374.28,378.05,62305,6617316
2021-09-15,378.405,378.05,373.38,375.75,56280,5723795
2021-09-16,378.89,378.31,374.7,376.96,51692,4926503
2021-09-17,377.65,373.83,372.76,377.65,76446,8009122
2021-09-20,369.22,365.7,360.94,367.26,129604,14691727
2021-09-21,368.795,366.15,364.99,367.84,76559,7355845
2021-09-22,371.07,369.57,365.96,367.23,89012,8554503
2021-09-23,374.03,372.98,370.1,370.77,60649,6533924
2021-09-24,373.745,373.33,370.27,370.61,44875,4764525
2021-09-27,371.25,370.35,367.74,370.04,60808,6305408
2021-09-28,366.35,359.87,359.35,365.36,163217,17082497
2021-09-29,363.37,359.28,358.64,361.16,100148,10547957
2021-09-30,362.68,357.96,357.58,360.93,115440,11155055
2021-10-01,361.25,360.18,354.38,358.54,125930,11866694
2021-10-04,358.86,352.62,350.33,358.42,170623,17863398
2021-10-05,359.68,357.38,353.49,353.68,78581,9219195
2021-10-06,359.94,359.67,353.15,353.97,93680,11381596
2021-10-07,365.68,362.97,362.26,362.84,64868,7916981
2021-10-08,364.3,361.16,360.61,364.25,71005,8606185
2021-10-11,363.19,358.39,358.3,359.56,69845,8063401
2021-10-12,360.32,357.14,356.49,359.86,81295,8845462
2021-10-13,360.69,360.0,357.44,359.49,66745,7932435
2021-10-14,366.85,366.63,363.01,363.71,63991,8810476
2021-10-15,369.05,368.94,366.82,368.12,50840,6015586
2021-10-18,372.86,372.65,367.0,367.69,53047,6583944
2021-10-19,375.52,375.47,373.06,373.91,47928,5871104
2021-10-20,376.56,374.98,373.47,375.95,55552,6202386
2021-10-21,377.47,377.27,373.86,374.17,43946,5685232
2021-10-22,376.97,374.1,372.39,375.96,70854,7912180
2021-10-25,378.865,377.93,373.56,375.59,59679,7161181
2021-10-26,382.71,379.12,377.91,380.15,78604,9013111
2021-10-27,383.15,380.0,379.33,379.67,83134,9786342
2021-10-28,384.48,384.22,381.155,381.94,66939,8375645
2021-10-29,386.27,386.11,380.72,380.81,71687,9646553
2021-11-01,387.55,387.43,384.43,386.58,61195,7238718
2021-11-02,389.54,389.05,386.75,386.84,54117,6794726
2021-11-03,393.6,393.18,388.49,389.57,78440,8710112
2021-11-04,399.2,398.22,393.92,394.47,88619,9697250
2021-11-05,400.99,398.6,397.17,400.0,84514,10095488
2021-11-08,399.61,398.06,397.42,398.68,61921,7258407
2021-11-09,399.56,395.32,393.92,399.28,120969,14705945
2021-11-10,395.36,389.51,387.55,392.32,118511,15191461
2021-11-11,392.75,390.59,390.24,392.49,62584,7562965
2021-11-12,395.245,394.7,390.14,391.77,61999,7957726
2021-11-15,396.24,394.61,392.095,395.9,77410,8686188
2021-11-16,397.92,397.42,393.67,394.06,55326,6423627
2021-11-17,399.71,397.63,396.69,397.79,58973,7393892
2021-11-18,402.26,401.75,397.46,399.81,87255,10204169
2021-11-19,405.3,403.99,402.58,403.5,70828,8785894
2021-11-22,408.7,399.3,399.19,405.73,116946,13724069
2021-11-23,400.22,397.48,392.92,398.08,176391,18931403
2021-11-24,399.05,398.76,392.54,394.93,105104,11861715
2021-11-26,397.54,391.2,389.8,396.12,121833,12820679
2021-11-29,400.73,399.69,395.14,395.93,112295,12582504
2021-11-30,401.19,393.82,391.75,398.76,219092,23024907
2021-12-01,400.48,387.12,386.64,398.55,192895,20478544
2021-12-02,391.74,389.91,384.34,385.36,248648,25458228
2021-12-03,392.34,383.13,378.9,391.49,299178,32255450
2021-12-06,387.6,386.2,379.31,383.59,184795,15797557
2021-12-07,398.45,397.83,392.99,392.99,109789,12804943
2021-12-08,399.82,399.61,396.22,398.2,81571,8557787
2021-12-09,400.2,393.73,393.53,398.41,88289,10308816
2021-12-10,398.28,398.01,393.37,396.61,114148,12731808
2021-12-13,398.325,392.26,391.88,398.04,111821,11022863
2021-12-14,390.08,388.2,383.78,387.3,149577,16413434
2021-12-15,397.41,397.05,383.88,387.96,201258,18152568
2021-12-16,398.475,386.84,385.22,398.08,177153,20361935
2021-12-17,389.18,384.91,381.77,383.3,177536,17946895
2021-12-20,381.5,380.69,377.48,379.45,147762,12594657
2021-12-21,389.53,389.21,380.21,384.4,101838,10487030
2021-12-22,394.16,393.95,388.23,388.9,75230,8114323
2021-12-23,398.42,396.92,394.15,394.42,54907,6103976
2021-12-27,403.48,403.48,398.24,398.24,57162,6750840
2021-12-28,404.58,401.61,400.71,404.5,75891,7596195
2021-12-29,403.05,401.55,399.12,401.88,63364,6688506
2021-12-30,403.56,400.35,399.75,401.45,47515,4925234
2021-12-31,401.05,397.85,397.34,399.71,71487,7138333
2022-01-03,401.94,401.68,396.88,399.07,94394,9772805
2022-01-04,402.28,396.47,393.29,402.24,140460,13841738
2022-01-05,395.87,384.29,384.04,394.97,211898,20400847
2022-01-06,387.35,384.02,380.13,382.33,226569,20237650
2022-01-07,385.76,379.86,378.04,384.0,233904,21607091
2022-01-10,380.63,380.11,369.32,374.5,248132,25846640
2022-01-11,385.98,385.82,377.25,379.51,205971,19303693
2022-01-12,390.16,387.35,385.02,388.55,158797,14497821
2022-01-13,389.47,377.66,376.71,389.03,215784,19748157
2022-01-14,380.34,380.01,374.87,374.87,236786,22195099
2022-01-18,376.22,370.55,369.78,374.1,204502,18668235
2022-01-19,374.69,366.48,366.21,372.02,221399,22553931
2022-01-20,373.87,361.72,361.17,369.67,231085,22568131
2022-01-21,362.18,351.69,351.4,359.43,420100,38443402
2022-01-24,353.98,353.3,334.15,345.39,688884,57693197
2022-01-25,351.025,345.11,341.69,346.67,401201,37631997
2022-01-26,356.88,344.57,340.78,353.08,481655,42213146
2022-01-27,351.26,341.1,340.06,349.56,323274,28836560
2022-01-28,352.02,351.8,337.95,343.19,290456,27901080
2022-01-31,363.65,363.05,351.53,353.19,215419,20725233
2022-02-01,366.19,365.52,359.14,364.5,194887,18642774
2022-02-02,370.1,368.49,364.29,369.8,196713,18461115
2022-02-03,361.93,353.55,352.47,358.56,228702,22584995
2022-02-04,361.39,358.01,351.97,354.13,217435,21805629
2022-02-07,361.04,355.13,353.84,358.7,162272,14852351
2022-02-08,360.24,359.12,352.81,353.9,144888,13833003
2022-02-09,366.79,366.73,362.14,363.81,123413,13026977
2022-02-10,366.48,358.43,356.56,359.45,270597,26479084
2022-02-11,360.06,347.06,345.81,358.47,253945,26255658
2022-02-14,350.97,347.49,343.9,346.44,199263,20524907
2022-02-15,356.37,356.13,351.82,352.93,115892,12505350
2022-02-16,357.08,356.04,350.71,353.89,136897,14341893
2022-02-17,353.46,345.45,345.02,352.71,128606,14469210
2022-02-18,346.81,341.51,339.15,346.4,172238,18923544
2022-02-22,344.04,338.08,334.37,338.44,184659,22268356
2022-02-23,342.18,329.42,329.11,341.41,189821,21399692
2022-02-24,341.04,340.49,318.5,318.67,336830,34060963
2022-02-25,345.98,345.77,337.39,341.35,182997,20542812
2022-02-28,348.54,346.8,341.34,342.4,224946,20328531
2022-03-01,348.06,341.49,339.0,345.65,216454,19489439
2022-03-02,348.59,347.22,340.25,343.01,201738,19253258
2022-03-03,349.88,342.26,340.35,349.83,175455,17575525
2022-03-04,341.31,337.3,334.92,340.0,190360,19905791
2022-03-07,338.47,324.86,324.65,337.37,250157,25955950
2022-03-08,333.21,323.35,319.94,323.83,356120,30239736
2022-03-09,336.35,334.99,329.09,331.69,177421,16926861
2022-03-10,332.51,331.27,326.71,330.75,180034,15231610
2022-03-11,334.64,324.4,323.9,334.3,170990,15622624
2022-03-14,326.59,318.17,317.45,323.26,234307,20262369
2022-03-15,328.95,328.15,319.24,321.05,190478,16856214
2022-03-16,340.43,340.32,328.41,332.36,271789,24441211
2022-03-17,344.5,344.44,337.05,338.47,180852,15321784
2022-03-18,351.79,351.49,341.58,342.33,162207,15761236
2022-03-21,352.48,350.08,345.575,350.24,172359,15646967
2022-03-22,357.85,356.96,350.21,350.55,124615,12908262
2022-03-23,357.64,351.83,351.78,353.83,134917,13281150
2022-03-24,359.69,359.65,351.6,353.75,115824,10741807
2022-03-25,360.66,359.35,354.98,359.59,122356,11278891
2022-03-28,365.0,364.91,358.08,359.3,136548,12433234
2022-03-29,371.83,371.19,366.07,369.0,164736,14627377
2022-03-30,370.98,367.09,365.57,369.46,148520,12651714
2022-03-31,367.6,362.54,361.69,367.21,128921,11745414
2022-04-01,363.61,361.85,358.59,362.75,145166,11867760
2022-04-04,369.31,369.3,362.45,362.71,94531,8840502
2022-04-05,368.52,361.1,359.94,367.71,138144,12908263
2022-04-06,356.78,353.26,350.56,355.47,233849,19474968
2022-04-07,356.34,354.1,348.69,352.13,158095,14143938
2022-04-08,353.08,349.15,348.51,352.31,147684,13107182
2022-04-11,345.73,340.89,340.55,344.76,160272,13980495
2022-04-12,347.69,339.45,338.04,345.7,178885,16686882
2022-04-13,347.42,346.35,339.07,339.71,131021,12505650
2022-04-14,346.96,338.43,338.21,346.39,151767,14518537
2022-04-18,341.03,338.69,335.8,337.41,139185,12640467
2022-04-19,346.85,346.26,336.98,338.0,129818,13369538
2022-04-20,347.56,341.21,339.96,347.26,153598,15226590
2022-04-21,347.87,334.15,333.2,345.17,199708,19180746
2022-04-22,335.56,325.4,324.96,334.19,205437,19687245
2022-04-25,329.89,329.58,322.43,323.68,233335,21281865
2022-04-26,327.66,317.14,316.86,327.37,216250,20739129
2022-04-27,322.87,316.76,315.0,317.28,230244,24464165
2022-04-28,329.89,328.01,317.53,321.94,175062,18475094
2022-04-29,327.22,313.25,312.6,323.61,197014,19679758
2022-05-02,318.715,318.48,309.645,312.89,285824,24902961
2022-05-03,321.16,318.82,315.99,318.49,162349,16422645
2022-05-04,330.29,329.6,313.9,319.4,303371,28726700
2022-05-05,325.2,313.0,309.63,325.16,327844,33566140
2022-05-06,315.08,309.25,305.11,311.22,359220,32190345
2022-05-09,305.99,297.15,295.74,303.57,272346,24948314
2022-05-10,305.76,300.76,296.58,304.63,290441,28034694
2022-05-11,304.09,291.84,290.95,298.48,345363,33173165
2022-05-12,295.74,291.15,284.94,287.48,332314,30471527
2022-05-13,302.995,301.94,294.09,295.75,176140,18314757
2022-05-16,302.26,298.44,297.14,300.16,154921,14591535
2022-05-17,306.56,306.17,300.56,304.48,145397,14283722
2022-05-18,302.25,291.14,289.85,301.47,163541,17373609
2022-05-19,294.39,289.58,287.58,289.31,218714,21574798
2022-05-20,293.8,288.68,280.22,293.05,207568,19904469
2022-05-23,293.87,293.48,287.31,290.0,155385,15527159
2022-05-24,288.845,287.24,282.25,288.18,147801,14967045
2022-05-25,293.37,291.26,285.52,285.68,152289,16264386
2022-05-26,300.92,299.33,290.15,290.28,103853,11969833
2022-05-27,309.25,309.1,302.43,302.53,99044,11910178
2022-05-31,311.31,308.28,304.34,309.12,111030,12192947
2022-06-01,312.65,306.0,303.74,310.66,118508,13257900
2022-06-02,314.55,314.38,303.41,304.86,106606,11460180
2022-06-03,310.47,306.2,304.93,309.06,118621,12282957
2022-06-06,312.32,307.22,305.62,310.78,87005,9207295
2022-06-07,310.67,309.87,302.71,303.76,85219,8684804
2022-06-08,311.71,307.64,306.79,309.04,72711,7172623
2022-06-09,309.05,299.4,299.23,305.92,95293,10818317
2022-06-10,294.87,288.84,288.39,293.61,156045,16440198
2022-06-13,282.3,275.41,274.53,279.66,203031,20956228
2022-06-14,278.66,275.91,273.34,277.64,122012,12781605
2022-06-15,286.83,282.8,276.64,279.52,203945,18428421
2022-06-16,276.06,271.39,269.29,275.57,140229,15425825
2022-06-17,277.18,274.69,270.54,272.32,129186,12614599
2022-06-21,283.45,281.08,278.67,278.8,83807,8807926
2022-06-22,285.17,280.67,277.92,278.52,95422,11146580
2022-06-23,285.72,284.85,280.32,283.18,102095,10659120
2022-06-24,295.0,294.61,287.55,287.9,98343,11525292
2022-06-27,296.57,292.45,291.3,296.02,87949,8809574
2022-06-28,295.64,283.54,283.35,292.98,94211,10989556
2022-06-29,285.34,283.8,280.84,283.43,91186,9217122
2022-06-30,283.88,280.28,275.79,280.8,140346,16150842
2022-07-01,282.53,282.13,277.04,278.88,102691,11066404
2022-07-05,287.07,286.96,276.77,278.31,112815,11754553
2022-07-06,290.95,288.8,285.59,287.35,127733,13447918
2022-07-07,295.7,294.98,289.65,289.65,79403,9460055
2022-07-08,296.75,295.35,291.13,292.0,87065,9890927
2022-07-11,293.08,289.04,288.14,292.92,81179,9282419
2022-07-12,292.28,286.24,284.62,290.24,92263,10356037
2022-07-13,288.05,285.65,280.04,280.53,130480,14239032
2022-07-14,287.56,286.67,279.8,283.13,110765,11921034
2022-07-15,291.97,291.87,288.09,289.8,92887,10161971
2022-07-18,296.15,289.4,288.25,294.72,83796,9071281
2022-07-19,298.59,298.3,291.48,293.1,90343,10734622
2022-07-20,304.24,303.03,297.94,298.7,103747,11495628
2022-07-21,307.435,307.38,300.78,303.53,99374,11056037
2022-07-22,308.55,301.99,300.12,306.39,98100,9710891
2022-07-25,302.49,300.27,298.24,302.02,80561,8192399
2022-07-26,298.77,294.37,293.54,298.41,85541,9686029
2022-07-27,308.53,306.81,298.46,299.07,132141,14377163
2022-07-28,310.39,309.81,302.76,306.59,91707,10077430
2022-07-29,316.39,315.46,309.94,311.47,92295,10411559
2022-08-01,318.8,315.27,312.55,313.68,84240,8674985
2022-08-02,318.54,314.33,311.85,312.84,89130,9351799
2022-08-03,323.72,322.89,315.99,316.02,100814,11730817
2022-08-04,324.72,324.4,320.78,322.89,84914,8585004
2022-08-05,323.83,321.75,318.39,319.18,103524,10380306
2022-08-08,326.45,320.71,319.22,322.68,87524,9011459
2022-08-09,319.03,317.08,315.42,318.7,79426,8136618
2022-08-10,326.23,325.93,322.07,324.64,99823,10824402
2022-08-11,330.35,324.08,323.36,328.42,91443,9905622
2022-08-12,330.58,330.39,325.12,326.24,70877,7819014
2022-08-15,333.56,333.06,329.5,329.52,57682,5783273
2022-08-16,334.42,332.28,329.19,332.0,65016,6735795
2022-08-17,331.42,328.49,326.36,329.02,94883,9322791
2022-08-18,330.49,329.28,326.8,328.47,62479,6946295
2022-08-19,326.84,322.86,322.08,326.22,71206,8634286
2022-08-22,318.74,314.36,313.53,318.27,76441,8790515
2022-08-23,317.0,314.1,313.35,314.04,59181,6865585
2022-08-24,316.87,315.01,313.01,313.54,54342,6350953
2022-08-25,320.6,320.58,315.76,316.81,52770,6261997
2022-08-26,321.5,307.44,307.35,320.37,118389,13090041
2022-08-29,307.21,304.41,303.28,304.51,82616,9208525
2022-08-30,306.71,301.02,298.46,306.06,82788,9302875
2022-08-31,304.9,299.27,299.16,303.85,80810,9206342
2022-09-01,299.78,299.4,292.95,296.61,97306,10901052
2022-09-02,303.75,295.17,293.54,302.41,103919,11926847
2022-09-06,296.6,293.05,290.89,295.61,89355,10287203
2022-09-07,299.99,298.97,293.28,293.52,71303,8882400
2022-09-08,301.87,300.52,295.48,296.44,84556,8929297
2022-09-09,307.6,307.09,302.84,302.87,77216,10119985
2022-09-12,311.06,310.74,308.19,308.55,75370,8277247
2022-09-13,303.0,293.7,292.79,301.54,126325,15441140
2022-09-14,296.925,296.03,293.06,294.85,105670,10807627
2022-09-15,296.53,291.1,289.47,294.02,127509,13558829
2022-09-16,289.71,289.32,285.63,287.62,128039,13647035
2022-09-19,291.2,291.05,286.04,286.04,75907,8414584
2022-09-20,291.07,288.73,286.38,288.44,79415,9089565
2022-09-21,293.95,283.56,283.42,289.7,168568,18009287
2022-09-22,283.03,280.07,278.83,281.76,108202,12408804
2022-09-23,277.82,275.51,272.03,277.59,124488,14826823
2022-09-26,279.48,274.37,273.57,274.98,105475,12444454
2022-09-27,280.2,274.48,272.12,277.85,129564,14770581
2022-09-28,281.25,279.94,272.96,274.44,108967,14480227
2022-09-29,276.25,271.87,268.84,275.91,144061,17914889
2022-09-30,275.17,267.26,267.1,271.11,123487,14909681
2022-10-03,275.16,273.53,267.56,269.18,93197,11950844
2022-10-04,282.85,282.13,279.11,279.15,109591,13544707
2022-10-05,283.81,281.98,275.5,278.25,105694,11906659
2022-10-06,284.17,279.76,279.43,281.07,84005,10325456
2022-10-07,275.15,269.1,267.74,274.88,107000,13796883
2022-10-10,269.7,266.41,263.64,269.3,116360,12283780
2022-10-11,267.6,262.75,261.03,264.61,112104,13484753
2022-10-12,265.35,262.66,261.96,263.48,93311,10338131
2022-10-13,270.17,268.82,254.26,255.19,228835,24165423
2022-10-14,271.81,260.74,260.15,271.25,143241,16001785
2022-10-17,270.22,269.35,266.81,266.92,106847,12614933
2022-10-18,277.2,271.48,268.77,276.81,130857,13745064
2022-10-19,273.68,270.49,268.07,269.73,78819,9490952
2022-10-20,274.84,269.11,267.93,269.44,94776,10590809
2022-10-21,275.965,275.42,266.84,267.86,140889,16348467
2022-10-24,279.39,278.45,271.98,275.87,108894,12741599
2022-10-25,284.585,284.21,279.5,279.54,89316,12045909
2022-10-26,283.975,277.93,277.44,278.32,114559,13393550
2022-10-27,278.27,272.87,272.345,277.17,122806,12968675
2022-10-28,281.69,281.22,272.07,272.14,119183,13316979
2022-10-31,279.75,277.95,276.0,279.03,98249,10535450
2022-11-01,282.07,275.11,274.74,281.72,85326,9224141
2022-11-02,278.2,265.68,265.62,275.12,132353,17262528
2022-11-03,264.5,260.49,260.1,262.8,125923,13368436
2022-11-04,266.59,264.68,259.09,265.75,204525,18046406
2022-11-07,268.13,267.59,263.57,265.79,91230,9828381
2022-11-08,272.85,269.54,265.53,269.21,103504,12185016
2022-11-09,268.55,263.32,263.03,267.66,119067,11533026
2022-11-10,283.05,282.75,273.86,276.24,196814,21480435
2022-11-11,288.64,287.96,281.2,282.67,106896,12507418
2022-11-14,289.21,285.44,284.45,285.98,96564,10168797
2022-11-15,293.26,289.39,285.98,292.44,138799,13058362
2022-11-16,287.725,285.44,284.6,287.13,92464,9019905
2022-11-17,286.31,284.81,280.72,280.87,87512,8956008
2022-11-18,287.98,284.82,282.33,287.94,70232,7508438
2022-11-21,284.58,281.89,281.045,283.41,67569,6492651
2022-11-22,286.11,285.95,280.49,282.76,60078,6172465
2022-11-23,289.46,288.82,285.79,285.99,61401,6653428
2022-11-25,287.89,286.92,286.44,287.3,30401,2799248
2022-11-28,286.95,282.71,281.77,284.79,64064,6301863
2022-11-29,283.35,280.57,279.17,282.87,59982,6408163
2022-11-30,293.45,293.36,279.97,280.81,114736,13747970
2022-12-01,295.75,293.72,290.88,293.84,80243,8297094
2022-12-02,293.45,292.55,288.38,288.5,86734,9910768
2022-12-05,291.65,287.64,286.15,290.24,61237,6828377
2022-12-06,287.6,281.68,280.26,287.41,74281,9212237
2022-12-07,282.57,280.53,278.8,280.42,66895,7089568
2022-12-08,284.835,283.85,279.8,281.88,61457,6735326
2022-12-09,285.64,282.04,281.6,282.88,74162,7999136
2022-12-12,285.64,285.58,281.17,282.19,62639,6910217
2022-12-13,296.875,288.65,285.92,296.54,132347,15887378
2022-12-14,291.41,286.51,283.19,288.08,115708,12470137
2022-12-15,283.01,276.89,275.67,282.3,119004,12071823
2022-12-16,277.76,274.25,272.62,276.0,82355,9069513
2022-12-19,273.95,269.75,268.5,273.85,69707,6973952
2022-12-20,271.32,269.54,266.95,268.55,64806,6646282
2022-12-21,274.78,273.45,269.75,270.58,57413,6745128
2022-12-22,270.5,266.76,262.46,270.12,96861,11121904
2022-12-23,268.03,267.36,263.53,265.5,64526,7399284
2022-12-27,266.85,263.58,263.035,266.83,65689,6867359
2022-12-28,265.43,260.1,259.73,263.19,82083,8006223
2022-12-29,267.4,266.44,262.29,263.01,61904,7318344
2022-12-30,266.41,266.28,262.3,263.58,63782,7764852
2023-01-03,270.15,264.48,262.14,268.75,86735,7897543
2023-01-04,267.45,265.74,262.53,266.7,86603,9475354
2023-01-05,264.19,261.58,261.26,263.93,65068,7689251
2023-01-06,269.93,268.8,260.34,263.3,92083,11869030
2023-01-09,275.29,270.54,269.93,270.85,76068,8734384
2023-01-10,272.94,272.83,268.97,269.44,66589,6843865
