Date,HIGH,CLOSE,LOW,OPEN,COUNT,VOLUME
2013-01-02,5.18,5.08,4.9,5.03,225,50584
2013-01-03,5.2,5.09,5.03,5.11,96,17356
2013-01-04,5.29,5.26,5.11,5.14,51,16495
2013-01-07,5.24,5.08,5.04,5.2,52,11826
2013-01-08,4.98,4.81,4.65,4.92,106,20715
2013-01-09,4.88,4.85,4.8,4.82,64,10605
2013-01-10,4.89,4.81,4.77,4.87,73,8142
2013-01-11,4.83,4.81,4.77,4.83,36,6813
2013-01-14,4.81,4.74,4.73,4.79,78,16099
2013-01-15,4.83,4.83,4.71,4.71,50,14874
2013-01-16,4.94,4.94,4.76,4.84,95,13486
2013-01-17,5.13,5.12,4.91,4.96,110,23739
2013-01-18,5.36,5.27,5.12,5.12,58,24765
2013-01-22,5.21,5.19,5.09,5.16,130,19295
2013-01-23,5.2,5.18,5.11,5.19,70,10851
2013-01-24,5.24,5.23,5.11,5.18,66,12562
2013-01-25,5.59,5.58,5.25,5.25,146,20871
2013-01-28,5.7,5.7,5.46,5.61,115,25895
2013-01-29,5.68,5.55,5.5,5.68,85,14279
2013-01-30,5.53,5.51,5.46,5.5,87,23190
2013-01-31,5.63,5.61,5.48,5.48,61,20962
2013-02-01,5.9,5.89,5.55,5.67,100,17360
2013-02-04,6.31,6.03,5.98,6.12,277,53317
2013-02-05,6.06,5.96,5.9,6.06,300,48239
2013-02-06,5.95,5.92,5.79,5.9,146,19658
2013-02-07,5.9,5.86,5.67,5.9,79,11355
2013-02-08,6.11,6.0,5.89,5.89,81,16848
2013-02-11,6.01,5.95,5.85,6.01,57,8887
2013-02-12,5.96,5.95,5.81,5.96,105,19327
2013-02-13,5.98,5.94,5.81,5.98,52,9544
2013-02-14,6.16,6.09,5.86,5.9,79,12990
2013-02-15,6.13,6.09,6.05,6.13,69,32584
2013-02-19,6.25,6.22,6.04,6.13,122,22353
2013-02-20,6.33,6.05,6.05,6.25,345,106053
2013-02-21,6.08,6.04,5.94,6.05,240,50094
2013-02-22,6.14,6.0,5.91,6.02,177,55115
2013-02-25,6.01,5.9,5.9,6.0,134,33053
2013-02-26,6.03,5.92,5.8,5.8,128,34532
2013-02-27,6.04,5.96,5.83,5.83,110,34282
2013-02-28,5.99,5.9,5.755,5.78,348,77237
2013-03-01,6.11,6.11,5.8,5.8,84,17332
2013-03-04,6.2,6.19,6.03,6.09,98,19892
2013-03-05,6.28,6.22,6.14,6.25,73,14365
2013-03-06,6.38,6.38,6.21,6.23,62,10765
2013-03-07,6.4,6.4,6.34,6.36,55,11781
2013-03-08,6.46,6.4,6.36,6.46,124,25015
2013-03-11,6.5,6.38,6.31,6.36,62,14390
2013-03-12,6.51,6.46,6.4,6.4,119,23618
2013-03-13,6.51,6.49,6.44,6.44,45,9568
2013-03-14,6.53,6.51,6.48,6.52,107,20729
2013-03-15,6.56,6.49,6.46,6.52,178,83532
2013-03-18,6.57,6.55,6.22,6.38,94,18564
2013-03-19,6.55,6.45,6.37,6.55,86,13669
2013-03-20,6.48,6.41,6.18,6.48,110,19860
2013-03-21,6.47,6.39,6.24,6.32,71,13812
2013-03-22,6.51,6.5,6.41,6.41,88,12347
2013-03-25,6.56,6.47,6.4,6.51,55,11011
2013-03-26,6.5,6.45,6.34,6.5,97,19027
2013-03-27,6.38,6.36,6.255,6.34,144,25804
2013-03-28,6.53,6.5,6.14,6.37,147,57978
2013-04-01,6.45,6.21,6.14,6.45,224,38383
2013-04-02,6.3,5.91,5.9,6.26,183,52058
2013-04-03,6.41,6.06,5.94,5.94,319,45441
2013-04-04,6.1,6.1,5.91,6.05,67,15624
2013-04-05,6.12,6.08,5.92,5.92,101,22579
2013-04-08,6.08,6.04,5.94,6.05,75,14943
2013-04-09,6.21,6.1,6.02,6.04,56,12713
2013-04-10,6.2,6.1,6.03,6.1,292,54429
2013-04-11,6.15,5.98,5.94,6.07,188,29204
2013-04-12,6.0,5.9,5.895,5.93,87,15951
2013-04-15,6.03,5.72,5.69,5.9,179,36595
2013-04-16,5.78,5.74,5.67,5.78,115,16173
2013-04-17,5.68,5.4,5.39,5.67,269,79491
2013-04-18,5.53,5.44,5.32,5.43,226,34244
2013-04-19,5.56,5.51,5.39,5.42,134,32531
2013-04-22,5.57,5.51,5.5,5.55,113,34669
2013-04-23,6.05,5.85,5.61,5.61,311,55857
2013-04-24,5.87,5.76,5.72,5.85,293,47504
2013-04-25,5.99,5.92,5.77,5.8,388,65959
2013-04-26,6.15,6.13,5.8,5.8,528,78307
2013-04-29,6.2,6.18,6.12,6.15,172,38910
2013-04-30,6.28,6.26,6.17,6.18,202,27813
2013-05-01,6.25,5.9,5.9,6.23,317,66100
2013-05-02,6.12,6.12,5.93,5.93,141,26944
2013-05-03,6.29,6.23,6.17,6.23,168,22769
2013-05-06,6.26,6.23,6.19,6.21,88,12102
2013-05-07,6.28,6.27,6.15,6.26,94,14872
2013-05-08,6.26,6.23,6.17,6.25,135,24875
2013-05-09,6.24,6.17,6.09,6.21,57,8208
2013-05-10,6.25,6.21,6.06,6.2,110,17269
2013-05-13,6.18,6.05,6.03,6.18,111,20784
2013-05-14,6.09,6.06,5.99,6.04,162,26583
2013-05-15,6.03,6.02,5.9,6.02,217,35886
2013-05-16,6.05,6.03,5.96,5.98,114,15689
2013-05-17,6.04,6.02,5.92,6.01,363,75277
2013-05-20,6.02,6.0,5.95,5.98,157,27431
2013-05-21,6.105,6.07,5.95,5.98,68,10305
2013-05-22,6.06,5.88,5.83,6.06,109,18982
2013-05-23,5.89,5.89,5.72,5.83,124,17517
2013-05-24,6.0,5.94,5.83,5.84,100,14152
2013-05-28,6.1,5.89,5.85,6.01,217,30753
2013-05-29,5.91,5.87,5.82,5.85,75,11846
2013-05-30,5.98,5.97,5.86,5.91,79,11367
2013-05-31,5.91,5.81,5.765,5.91,151,29841
2013-06-03,5.98,5.82,5.73,5.82,188,52883
2013-06-04,5.9,5.62,5.6,5.81,364,59407
2013-06-05,5.66,5.55,5.5,5.64,166,26786
2013-06-06,5.65,5.65,5.54,5.57,209,38983
2013-06-07,5.94,5.88,5.59,5.71,333,83853
2013-06-10,6.02,5.95,5.85,5.93,249,38205
2013-06-11,6.09,5.99,5.88,5.88,157,66733
2013-06-12,6.25,6.19,6.03,6.03,128,30311
2013-06-13,6.34,6.31,6.2,6.21,179,31562
2013-06-14,6.39,6.27,6.24,6.32,115,19817
2013-06-17,6.36,6.32,6.275,6.36,231,27900
2013-06-18,6.42,6.42,6.32,6.32,167,26466
2013-06-19,6.42,6.4,6.36,6.39,69,14740
2013-06-20,6.27,6.22,6.07,6.27,175,28507
2013-06-21,6.3,6.25,6.19,6.25,166,121793
2013-06-24,6.24,6.15,6.15,6.19,338,51122
2013-06-25,6.25,6.17,6.07,6.22,382,65234
2013-06-26,6.22,6.1,6.04,6.22,95,21395
2013-06-27,6.17,6.14,6.09,6.17,401,84703
2013-06-28,6.21,6.05,6.02,6.11,251,249134
2013-07-01,6.14,6.1,6.05,6.07,195,31247
2013-07-02,6.12,6.1,6.07,6.09,113,19165
2013-07-03,6.13,6.09,6.05,6.1,91,14689
2013-07-05,6.21,6.21,6.08,6.12,195,41425
2013-07-08,6.33,6.24,6.2,6.21,253,37668
2013-07-09,6.29,6.29,6.2,6.25,94,17692
2013-07-10,6.32,6.22,6.19,6.29,188,28271
2013-07-11,6.27,6.24,6.22,6.27,174,28759
2013-07-12,6.25,6.21,6.19,6.25,289,43954
2013-07-15,6.26,6.26,6.21,6.23,212,31533
2013-07-16,6.26,6.26,6.21,6.25,227,32616
2013-07-17,6.32,6.3,6.28,6.3,119,18047
2013-07-18,6.34,6.28,6.24,6.34,290,44774
2013-07-19,6.28,6.28,6.16,6.26,235,37812
2013-07-22,6.26,6.12,6.095,6.24,149,29970
2013-07-23,6.65,6.64,6.12,6.12,403,73056
2013-07-24,6.8,6.63,6.54,6.68,333,84052
2013-07-25,6.89,6.85,6.59,6.59,379,58262
2013-07-26,6.92,6.87,6.775,6.83,222,40181
2013-07-29,7.0,6.97,6.83,6.84,517,101829
2013-07-30,7.05,6.94,6.85,7.02,375,58283
2013-07-31,6.99,6.93,6.87,6.98,291,67619
2013-08-01,7.0,6.96,6.88,6.98,185,33091
2013-08-02,7.04,6.92,6.84,6.95,203,31573
2013-08-05,7.03,6.97,6.93,6.93,207,32666
2013-08-06,7.02,6.88,6.86,6.98,116,21249
2013-08-07,6.94,6.9,6.83,6.83,227,31967
2013-08-08,6.95,6.79,6.79,6.9,120,17679
2013-08-09,6.77,6.71,6.65,6.75,173,23403
2013-08-12,6.86,6.74,6.64,6.68,112,20358
2013-08-13,6.87,6.74,6.7,6.77,76,12948
2013-08-14,6.83,6.74,6.72,6.76,63,14757
2013-08-15,6.78,6.66,6.63,6.66,109,18408
2013-08-16,6.84,6.79,6.69,6.7,340,69133
2013-08-19,6.9,6.68,6.68,6.77,63,13611
2013-08-20,6.88,6.81,6.67,6.67,74,16302
2013-08-21,6.89,6.83,6.72,6.78,177,31946
2013-08-22,7.0,7.0,6.84,6.84,77,24461
2013-08-23,7.02,7.0,6.93,7.0,153,31367
2013-08-26,7.07,7.02,6.92,6.99,78,21148
2013-08-27,6.98,6.72,6.64,6.96,202,32961
2013-08-28,6.86,6.78,6.7,6.73,145,21567
2013-08-29,6.86,6.82,6.79,6.79,31,10440
2013-08-30,6.86,6.65,6.6,6.8,136,39076
2013-09-03,6.8,6.66,6.59,6.69,42,13430
2013-09-04,6.87,6.81,6.53,6.66,51,9001
2013-09-05,6.86,6.77,6.66,6.81,81,11769
2013-09-06,6.82,6.69,6.59,6.82,41,7203
2013-09-09,6.89,6.87,6.69,6.69,36,10170
2013-09-10,6.93,6.84,6.83,6.92,57,10109
2013-09-11,6.84,6.81,6.8,6.82,24,9955
2013-09-12,6.82,6.59,6.58,6.82,46,10703
2013-09-13,6.65,6.65,6.53,6.61,74,12599
2013-09-16,6.74,6.55,6.51,6.74,75,20284
2013-09-17,6.79,6.62,6.53,6.55,185,27493
2013-09-18,6.71,6.69,6.53,6.61,155,20414
2013-09-19,6.72,6.66,6.57,6.72,44,8428
2013-09-20,6.9,6.9,6.6,6.66,158,63893
2013-09-23,6.99,6.99,6.84,6.84,106,20843
2013-09-24,7.04,6.97,6.88,7.0,164,33044
2013-09-25,7.0,6.98,6.92,6.96,76,14528
2013-09-26,6.99,6.84,6.75,6.99,125,24404
2013-09-27,7.0,6.99,6.78,6.78,50,9868
2013-09-30,6.96,6.91,6.73,6.91,94,38279
2013-10-01,6.91,6.8,6.79,6.89,14,5568
2013-10-02,6.88,6.7,6.7,6.73,98,17987
2013-10-03,6.79,6.77,6.54,6.69,99,18054
2013-10-04,7.0,6.94,6.75,6.75,87,15483
2013-10-07,6.9,6.79,6.79,6.86,21,9801
2013-10-08,6.8,6.7,6.68,6.8,68,20185
2013-10-09,6.89,6.81,6.68,6.74,95,16529
2013-10-10,7.0,6.97,6.92,6.92,75,17287
2013-10-11,7.04,7.04,6.93,6.93,118,22206
2013-10-14,7.13,7.11,6.87,6.87,110,33554
2013-10-15,7.18,7.13,7.07,7.1,64,14428
2013-10-16,7.17,7.08,7.08,7.16,75,19528
2013-10-17,7.205,7.19,7.05,7.05,43,19776
2013-10-18,7.25,7.11,7.05,7.25,90,38820
2013-10-21,7.16,7.11,7.04,7.1,85,18884
2013-10-22,8.54,8.47,8.0,8.48,519,93795
2013-10-23,8.5,8.38,8.3,8.4,271,50480
2013-10-24,8.42,8.27,8.26,8.3,214,44590
2013-10-25,8.37,8.35,8.13,8.29,284,43391
2013-10-28,9.35,8.89,8.39,8.4,767,231051
2013-10-29,9.1,9.03,8.83,8.83,243,41264
2013-10-30,9.14,9.03,8.97,9.01,337,63009
2013-10-31,9.48,9.31,8.89,9.08,493,144550
2013-11-01,9.4,9.33,9.25,9.32,247,57795
2013-11-04,9.85,9.73,9.35,9.45,1180,200331
2013-11-05,10.22,9.74,9.68,9.75,1012,179070
2013-11-06,9.98,9.8,9.71,9.78,429,69419
2013-11-07,9.9,9.45,9.38,9.8,356,63430
2013-11-08,9.68,9.66,9.37,9.43,342,69672
2013-11-11,9.85,9.76,9.57,9.75,463,127756
2013-11-12,9.88,9.82,9.65,9.78,262,50399
2013-11-13,10.0,9.99,9.74,9.79,259,44332
2013-11-14,10.3,9.88,9.87,10.0,311,82576
2013-11-15,10.0,9.95,9.85,9.9,219,44480
2013-11-18,10.06,9.45,9.41,10.02,277,53982
2013-11-19,9.7,9.39,9.14,9.39,381,95350
2013-11-20,9.5,9.4,9.21,9.41,179,27967
2013-11-21,9.51,9.49,9.34,9.41,259,43720
2013-11-22,9.5,9.4,9.36,9.46,363,58163
2013-11-25,9.45,9.41,9.22,9.39,152,46040
2013-11-26,9.74,9.68,9.34,9.38,299,74576
2013-11-27,9.87,9.82,9.62,9.66,269,42379
2013-11-29,9.99,9.96,9.84,9.9,164,33104
2013-12-02,10.01,9.98,9.7,10.0,443,69075
2013-12-03,10.03,9.84,9.74,10.0,294,64272
2013-12-04,9.96,9.84,9.71,9.84,325,58244
2013-12-05,9.91,9.64,9.57,9.81,376,49586
2013-12-06,9.89,9.88,9.7,9.75,315,49338
2013-12-09,9.97,9.75,9.705,9.88,314,68050
2013-12-10,9.84,9.5,9.5,9.68,302,36941
2013-12-11,9.7,9.63,9.525,9.55,908,90101
2013-12-12,9.88,9.86,9.59,9.64,357,43347
2013-12-13,10.05,9.92,9.87,9.9,629,80072
2013-12-16,10.17,9.99,9.875,9.92,851,101550
2013-12-17,10.09,10.02,9.98,10.0,327,39981
2013-12-18,10.1,10.07,9.93,10.03,383,47886
2013-12-19,10.15,10.09,9.95,10.08,300,32084
2013-12-20,10.66,10.13,10.04,10.11,1271,270921
2013-12-23,10.43,10.32,10.21,10.21,640,79131
2013-12-24,10.45,10.36,10.3,10.3,220,28804
2013-12-26,10.44,10.16,10.13,10.44,290,41187
2013-12-27,10.22,10.05,9.92,10.15,330,41934
2013-12-30,10.08,9.95,9.89,9.99,536,76255
2013-12-31,10.1,10.03,9.96,10.0,491,71841
2014-01-02,10.0,9.73,9.51,10.0,640,94894
2014-01-03,10.01,9.99,9.73,9.8,531,84186
2014-01-06,10.18,10.07,10.0,10.0,461,61678
2014-01-07,10.28,10.24,10.13,10.15,291,40135
2014-01-08,10.99,10.74,10.48,10.48,873,149570
2014-01-09,10.83,10.71,10.63,10.83,1272,231995
2014-01-10,10.73,10.64,10.61,10.7,418,63159
2014-01-13,10.65,10.49,10.42,10.64,466,56199
2014-01-14,11.76,11.73,10.76,10.76,1246,200463
2014-01-15,11.9,11.59,11.47,11.85,684,113987
2014-01-16,11.83,11.58,11.55,11.63,461,57709
2014-01-17,11.6,11.42,11.33,11.51,792,91132
2014-01-21,11.99,11.94,11.53,11.55,715,106532
2014-01-22,12.08,11.92,11.84,11.93,923,109836
2014-01-23,12.04,12.04,11.83,11.89,643,97758
2014-01-24,11.97,11.58,11.42,11.93,459,67809
2014-01-27,11.71,11.5,11.28,11.58,444,54817
2014-01-28,11.95,11.74,11.44,11.44,547,67424
2014-01-29,11.81,11.53,11.47,11.55,384,50804
2014-01-30,11.85,11.76,11.52,11.66,431,59960
2014-01-31,11.73,11.43,11.38,11.58,517,71908
2014-02-03,11.42,10.88,10.8,11.31,606,96921
2014-02-04,11.41,11.38,10.86,10.99,633,78130
2014-02-05,11.44,11.3,11.04,11.37,471,55788
2014-02-06,11.52,11.34,11.3,11.35,389,44357
2014-02-07,11.4,11.34,11.24,11.4,374,48462
2014-02-10,11.42,11.42,11.13,11.28,480,71147
2014-02-11,11.75,11.74,11.36,11.46,337,44085
2014-02-12,11.77,11.4,11.31,11.74,541,61592
2014-02-13,11.77,11.72,11.36,11.36,248,31577
2014-02-14,11.79,11.76,11.48,11.66,410,70423
2014-02-18,11.99,11.94,11.4,11.67,1126,214837
2014-02-19,13.87,13.19,12.75,13.03,3799,978434
2014-02-20,13.85,13.69,13.35,13.35,1859,271912
2014-02-21,13.55,13.39,13.15,13.47,638,111012
2014-02-24,13.88,13.34,13.27,13.46,1266,199063
2014-02-25,13.54,13.34,13.31,13.32,850,127333
2014-02-26,13.75,13.35,13.28,13.33,918,209043
2014-02-27,13.455,13.33,13.24,13.25,941,127290
2014-02-28,13.43,13.16,13.095,13.37,613,95607
2014-03-03,13.23,13.17,12.84,13.05,613,101698
2014-03-04,13.68,13.6,13.35,13.38,1180,192776
2014-03-05,14.35,14.28,13.55,13.62,1105,162014
2014-03-06,14.5,14.3,14.28,14.38,748,95504
2014-03-07,14.49,14.4,14.2,14.42,1094,126470
2014-03-10,14.49,14.36,14.22,14.4,638,104388
2014-03-11,14.64,14.29,14.22,14.44,684,105260
2014-03-12,14.71,14.6,14.16,14.26,617,107269
2014-03-13,14.8,14.44,14.11,14.7,953,116215
2014-03-14,14.52,14.13,13.99,14.33,948,110827
2014-03-17,14.96,14.75,14.2,14.28,1760,245268
2014-03-18,15.0,14.9,14.75,14.75,1397,145902
2014-03-19,14.95,14.73,14.53,14.95,700,112058
2014-03-20,14.92,14.79,14.54,14.61,546,77489
2014-03-21,14.96,14.32,14.3,14.8,677,128374
2014-03-24,14.25,13.6,13.37,14.25,1374,209095
2014-03-25,14.48,14.11,13.73,13.73,954,114603
2014-03-26,14.18,13.13,13.07,14.18,1071,140947
2014-03-27,13.15,12.69,12.53,13.15,1273,152091
2014-03-28,12.975,12.47,12.27,12.7,1133,110937
2014-03-31,13.5,13.15,12.62,12.62,1544,192409
2014-04-01,13.28,13.2,12.96,13.21,969,115080
2014-04-02,13.42,13.34,13.08,13.28,1147,117460
2014-04-03,13.48,13.16,13.05,13.38,687,67620
2014-04-04,13.36,12.64,12.54,13.28,1034,111565
2014-04-07,13.88,12.71,12.6,13.78,1469,211372
2014-04-08,12.86,12.44,12.4,12.71,690,89556
2014-04-09,12.68,12.5,12.37,12.55,791,94315
2014-04-10,12.55,11.8,11.68,12.55,1123,148714
2014-04-11,11.96,11.49,11.46,11.67,1140,150714
2014-04-14,11.56,11.0,10.83,11.51,1533,196691
2014-04-15,11.27,11.03,10.52,11.02,1285,136683
2014-04-16,11.1,10.96,10.7,11.1,762,93891
2014-04-17,11.04,11.0,10.78,10.92,1043,134575
2014-04-21,11.34,11.33,10.77,11.02,1078,147335
2014-04-22,11.66,11.62,11.27,11.46,659,91834
2014-04-23,11.59,11.41,11.34,11.55,729,96626
2014-04-24,11.81,11.77,10.98,11.5,1157,142213
2014-04-25,11.67,11.58,11.22,11.66,1245,164001
2014-04-28,12.19,11.81,11.36,11.59,1937,248246
2014-04-29,9.86,8.73,8.55,9.12,3939,562139
2014-04-30,8.93,8.52,8.51,8.75,2254,359537
2014-05-01,8.88,8.6,8.24,8.49,1693,222358
2014-05-02,8.61,8.38,8.32,8.61,1199,155291
2014-05-05,8.61,8.43,8.33,8.33,642,90639
2014-05-06,8.43,8.2,8.19,8.41,843,111408
2014-05-07,8.26,8.14,7.84,8.26,1295,174883
2014-05-08,8.35,8.01,7.92,8.13,722,67024
2014-05-09,8.21,8.19,7.97,7.97,607,84115
2014-05-12,8.48,8.36,8.14,8.21,915,136005
2014-05-13,8.37,8.05,8.015,8.37,689,96006
2014-05-14,8.07,8.04,7.9,8.06,768,81961
2014-05-15,8.02,7.81,7.71,8.02,845,97631
2014-05-16,7.87,7.87,7.63,7.81,571,83749
2014-05-19,8.21,8.2,7.75,7.8,591,77264
2014-05-20,8.17,8.01,7.85,8.17,603,84548
2014-05-21,8.13,8.13,7.8,8.03,418,59841
2014-05-22,8.4,8.3,8.15,8.19,524,61520
2014-05-23,8.35,8.25,8.17,8.32,376,51207
2014-05-27,8.78,8.69,8.33,8.33,529,64175
2014-05-28,8.73,8.71,8.5,8.71,574,59423
2014-05-29,8.81,8.59,8.52,8.7,440,54809
2014-05-30,8.62,8.28,8.16,8.61,684,100393
2014-06-02,8.36,8.33,8.07,8.3,619,72338
2014-06-03,8.32,8.13,8.09,8.32,382,68355
2014-06-04,8.33,8.26,8.11,8.12,524,55885
2014-06-05,8.61,8.59,8.18,8.26,910,118741
2014-06-06,9.02,8.78,8.59,8.6,723,141719
2014-06-09,9.1,8.93,8.78,8.78,757,112327
2014-06-10,8.95,8.65,8.63,8.89,462,63748
2014-06-11,8.84,8.78,8.62,8.62,307,42224
2014-06-12,8.93,8.78,8.51,8.79,734,116014
2014-06-13,8.93,8.88,8.76,8.81,659,77613
2014-06-16,9.23,9.14,8.88,8.88,946,172868
2014-06-17,9.4,9.24,9.1,9.18,758,96136
2014-06-18,9.39,9.26,9.06,9.25,928,92887
2014-06-19,9.34,9.05,8.94,9.27,442,57046
2014-06-20,9.15,9.05,8.98,9.12,748,152487
2014-06-23,9.06,8.93,8.8,9.06,631,71122
2014-06-24,9.075,8.81,8.79,8.88,602,74434
2014-06-25,8.89,8.81,8.7,8.79,408,47703
2014-06-26,8.81,8.66,8.57,8.81,429,46567
2014-06-27,8.8,8.69,8.47,8.58,920,259932
2014-06-30,9.06,9.05,8.69,8.69,883,99919
2014-07-01,9.48,9.3,9.08,9.08,988,157037
2014-07-02,9.35,9.29,9.18,9.3,626,83725
2014-07-03,9.365,9.33,9.175,9.34,493,67016
2014-07-07,9.35,9.26,9.02,9.33,638,74240
2014-07-08,9.35,9.06,8.85,9.22,641,85425
2014-07-09,9.28,9.21,8.98,9.1,897,92986
2014-07-10,9.24,9.13,8.88,8.96,747,86312
2014-07-11,9.29,9.2,9.0,9.08,599,60276
2014-07-14,9.28,9.2,9.15,9.28,823,83990
2014-07-15,9.22,9.07,9.01,9.22,694,79539
2014-07-16,9.16,8.97,8.91,9.11,364,51159
2014-07-17,9.0,8.68,8.66,8.9,758,80885
2014-07-18,8.79,8.68,8.605,8.65,512,68061
2014-07-21,9.18,9.16,8.63,8.66,719,124979
2014-07-22,9.44,9.2,8.75,9.05,1613,304020
2014-07-23,9.26,9.125,8.94,9.2,863,102387
2014-07-24,9.36,9.17,9.12,9.14,735,79772
2014-07-25,9.06,8.88,8.86,9.06,535,69003
2014-07-28,9.05,8.86,8.7,8.9,440,63419
2014-07-29,8.96,8.74,8.74,8.86,504,58645
2014-07-30,8.94,8.87,8.8,8.84,438,51906
2014-07-31,8.93,8.67,8.59,8.73,698,136943
2014-08-01,8.87,8.78,8.59,8.72,534,67957
2014-08-04,8.85,8.81,8.71,8.82,310,46006
2014-08-05,9.16,9.1,8.8,8.8,569,105660
2014-08-06,9.5,9.38,9.02,9.02,424,66201
2014-08-07,9.51,9.37,9.27,9.35,491,73820
2014-08-08,9.42,9.31,9.15,9.42,431,49176
2014-08-11,9.67,9.63,9.24,9.34,482,65676
2014-08-12,9.68,9.66,9.5,9.55,382,59271
2014-08-13,9.96,9.95,9.69,9.7,485,66603
2014-08-14,10.14,10.0,9.87,9.93,547,66108
2014-08-15,10.28,10.16,10.06,10.11,919,103593
2014-08-18,10.29,10.07,10.05,10.24,398,57871
2014-08-19,10.29,10.19,10.04,10.05,490,79824
2014-08-20,10.16,9.89,9.86,10.16,344,38202
2014-08-21,10.06,9.97,9.73,9.91,360,48939
2014-08-22,10.09,10.07,9.85,9.95,654,72865
2014-08-25,10.21,9.92,9.85,10.1,383,41688
2014-08-26,10.03,9.93,9.88,9.88,329,39949
2014-08-27,10.04,9.9,9.87,9.93,254,49255
2014-08-28,9.87,9.57,9.57,9.87,440,51602
2014-08-29,9.66,9.65,9.46,9.58,316,36887
2014-09-02,9.97,9.92,9.65,9.68,386,46610
2014-09-03,10.16,9.59,9.54,10.01,830,118422
2014-09-04,9.79,9.16,9.14,9.61,627,70712
2014-09-05,9.39,9.35,9.02,9.1,495,50581
2014-09-08,9.5,9.46,9.3,9.38,228,32781
2014-09-09,9.44,9.25,9.25,9.44,391,36379
2014-09-10,9.37,9.36,9.24,9.24,258,28569
2014-09-11,9.45,9.45,9.28,9.33,218,21696
2014-09-12,9.42,9.23,9.23,9.42,181,23272
2014-09-15,9.26,9.02,8.99,9.19,500,56985
2014-09-16,9.12,9.1,8.96,8.97,335,41104
2014-09-17,9.22,9.16,9.07,9.07,266,33918
2014-09-18,9.42,9.4,9.11,9.23,249,43464
2014-09-19,9.62,9.36,9.26,9.44,429,119176
2014-09-22,9.26,9.04,9.04,9.25,389,47793
2014-09-23,9.11,8.88,8.86,9.0,400,44051
2014-09-24,9.21,9.13,8.92,8.92,315,36289
2014-09-25,9.13,9.03,8.86,9.13,490,54812
2014-09-26,9.12,9.08,9.02,9.07,191,18366
2014-09-29,9.14,9.01,8.95,9.0,303,44117
2014-09-30,9.06,8.95,8.9,9.01,350,79566
2014-10-01,9.04,8.91,8.84,8.96,301,47688
2014-10-02,9.3,9.24,8.9,8.94,329,38534
2014-10-03,9.41,9.12,9.101,9.32,235,39904
2014-10-06,9.12,8.105,8.01,9.12,1723,264202
2014-10-07,8.14,7.91,7.78,8.08,944,143434
2014-10-08,8.0,7.96,7.68,7.85,540,90273
2014-10-09,8.09,7.87,7.84,7.93,540,61790
2014-10-10,7.85,7.4,7.38,7.85,521,78538
2014-10-13,7.77,7.67,7.32,7.44,668,82072
2014-10-14,7.95,7.69,7.63,7.78,407,49185
2014-10-15,8.2,8.09,7.6,7.65,1311,139536
2014-10-16,8.37,8.085,7.94,8.02,795,86036
2014-10-17,8.26,7.94,7.76,8.26,489,69531
2014-10-20,8.26,8.26,7.81,7.85,525,83739
2014-10-21,8.49,7.92,7.7,7.85,1388,226648
2014-10-22,7.99,7.67,7.65,7.91,535,66631
2014-10-23,7.98,7.89,7.72,7.78,621,78407
2014-10-24,8.07,7.95,7.89,7.92,459,52124
2014-10-27,7.97,7.87,7.76,7.95,393,60259
2014-10-28,8.37,8.31,7.89,7.89,491,95435
2014-10-29,8.49,8.43,8.27,8.3,600,60656
2014-10-30,8.43,8.37,8.23,8.36,430,63997
2014-10-31,8.81,8.78,8.46,8.54,496,83513
2014-11-03,8.82,8.23,8.21,8.73,710,76052
2014-11-04,8.23,8.09,7.96,8.17,653,54170
2014-11-05,8.46,8.44,8.08,8.2,482,53573
2014-11-06,8.66,8.58,8.33,8.33,504,62648
2014-11-07,8.52,8.36,8.261,8.52,287,39281
2014-11-10,8.23,8.16,7.8,7.83,546,106537
2014-11-11,8.3,8.27,8.06,8.1,280,52971
2014-11-12,8.35,8.35,8.05,8.09,294,43211
2014-11-13,8.36,8.21,8.2,8.33,272,31218
2014-11-14,8.29,8.26,8.09,8.18,234,34877
2014-11-17,8.23,8.21,8.08,8.22,415,46140
2014-11-18,8.38,8.32,8.17,8.17,381,49589
2014-11-19,8.34,8.02,8.0,8.34,389,35494
2014-11-20,8.29,8.22,8.0,8.0,334,42517
2014-11-21,8.59,8.49,8.36,8.38,440,58144
2014-11-24,8.51,8.41,8.31,8.47,236,41741
2014-11-25,8.74,8.7,8.36,8.47,561,76847
2014-11-26,8.83,8.81,8.55,8.67,227,30385
2014-11-28,8.85,8.69,8.69,8.8,184,29622
2014-12-01,8.63,8.42,8.4,8.63,478,51570
2014-12-02,8.59,8.45,8.43,8.47,318,35883
2014-12-03,8.78,8.68,8.4,8.43,370,53337
2014-12-04,8.81,8.75,8.62,8.68,200,20555
2014-12-05,8.99,8.92,8.7,8.7,282,45198
2014-12-08,8.97,8.51,8.49,8.86,371,36557
2014-12-09,8.87,8.85,8.35,8.45,749,72085
2014-12-10,8.81,8.66,8.62,8.77,394,48815
2014-12-11,8.97,8.67,8.6,8.77,607,60124
2014-12-12,8.81,8.62,8.55,8.55,613,54206
2014-12-15,8.8,8.6,8.58,8.69,627,49341
2014-12-16,8.9,8.72,8.48,8.56,410,44544
2014-12-17,8.95,8.9,8.69,8.71,637,80273
2014-12-18,9.0,8.95,8.84,8.9,478,84840
2014-12-19,9.1,9.05,8.67,8.9,417,138959
2014-12-22,9.4,9.27,8.815,9.09,355,43844
2014-12-23,9.47,9.35,9.18,9.28,205,25676
2014-12-24,9.37,9.27,9.19,9.37,149,17688
2014-12-26,9.44,9.38,9.32,9.32,147,25503
2014-12-29,9.41,9.28,9.28,9.35,195,18505
2014-12-30,9.34,9.23,9.18,9.28,337,40064
2014-12-31,9.4,9.28,9.2,9.2,263,39524
2015-01-02,9.43,9.42,9.205,9.37,451,50395
2015-01-05,9.51,9.39,9.33,9.33,408,50249
2015-01-06,9.55,9.3,9.04,9.55,662,76246
2015-01-07,9.38,9.33,9.04,9.35,441,47388
2015-01-08,9.84,9.56,9.41,9.43,439,48792
2015-01-09,9.74,9.7,9.52,9.53,318,31748
2015-01-12,9.7,9.4,9.38,9.67,338,32635
2015-01-13,9.67,9.35,9.26,9.5,211,23117
2015-01-14,9.34,9.23,9.04,9.25,239,25736
2015-01-15,9.37,9.15,9.06,9.22,377,46696
2015-01-16,9.45,9.41,9.11,9.11,357,39349
2015-01-20,9.47,9.36,9.34,9.44,493,47055
2015-01-21,9.44,9.25,9.25,9.35,308,35236
2015-01-22,9.51,9.46,9.07,9.3,409,46885
2015-01-23,9.5,9.4,9.34,9.5,275,24627
2015-01-26,9.4,9.29,9.26,9.34,252,32169
2015-01-27,9.19,9.07,9.05,9.19,246,26214
2015-01-28,9.33,9.04,8.99,9.14,452,49278
2015-01-29,9.3,9.24,9.04,9.04,272,29431
2015-01-30,9.28,8.8,8.8,9.12,439,60514
2015-02-02,9.1,9.09,8.76,8.78,441,47932
2015-02-03,9.47,9.45,9.08,9.08,192,26281
2015-02-04,9.59,9.48,9.38,9.38,342,36109
2015-02-05,9.77,9.72,9.48,9.52,308,33186
2015-02-06,10.24,10.07,9.72,9.72,576,63521
2015-02-09,10.27,10.04,9.76,10.02,453,42718
2015-02-10,10.07,9.92,9.9,10.07,166,27596
2015-02-11,9.97,9.91,9.74,9.88,176,17372
2015-02-12,10.2,9.91,9.85,10.01,247,28702
2015-02-13,9.99,9.87,9.79,9.88,200,21704
2015-02-17,10.05,9.75,9.73,9.87,409,43836
2015-02-18,9.5,8.83,8.69,9.37,787,100973
2015-02-19,8.88,8.66,8.46,8.69,638,80875
2015-02-20,8.68,8.41,8.36,8.68,550,71337
2015-02-23,8.4,8.205,8.05,8.29,501,67528
2015-02-24,8.41,8.26,8.19,8.4,667,84195
2015-02-25,8.39,8.33,8.15,8.25,561,75065
2015-02-26,8.43,8.35,8.28,8.33,399,34964
2015-02-27,8.35,8.26,8.21,8.35,287,67470
2015-03-02,8.41,8.41,8.2,8.2,402,49826
2015-03-03,8.45,8.36,8.34,8.43,251,37067
2015-03-04,8.34,8.28,8.21,8.34,201,25403
2015-03-05,8.34,8.31,8.18,8.28,288,32741
2015-03-06,8.34,8.12,8.11,8.2,165,36610
2015-03-09,8.19,8.13,8.07,8.12,191,16135
2015-03-10,8.09,7.98,7.92,8.02,158,21091
2015-03-11,8.1,8.09,7.97,8.01,312,38456
2015-03-12,8.2,8.19,8.05,8.11,345,47944
2015-03-13,8.26,8.26,8.06,8.21,216,23707
2015-03-16,8.47,8.37,8.29,8.29,211,30174
2015-03-17,8.4,8.31,8.28,8.32,114,10213
2015-03-18,8.48,8.45,8.28,8.29,186,27825
2015-03-19,8.53,8.48,8.28,8.41,171,20121
2015-03-20,8.14,7.8,7.59,8.14,772,174980
2015-03-23,7.92,7.86,7.6,7.74,521,68163
2015-03-24,7.92,7.88,7.72,7.88,341,45976
2015-03-25,7.86,7.65,7.62,7.86,538,57517
2015-03-26,7.43,7.31,7.17,7.17,867,108047
2015-03-27,7.385,7.32,7.185,7.32,527,64691
2015-03-30,7.34,7.3,7.18,7.3,372,49466
2015-03-31,7.25,7.15,7.14,7.2,329,53762
2015-04-01,7.34,7.26,7.0,7.15,315,30335
2015-04-02,7.39,7.34,7.26,7.28,230,20525
2015-04-06,7.46,7.41,7.27,7.27,286,29922
2015-04-07,7.46,7.31,7.31,7.39,236,21597
2015-04-08,7.43,7.39,7.29,7.29,257,18558
2015-04-09,7.45,7.29,7.27,7.36,245,23419
2015-04-10,7.35,7.21,7.18,7.33,283,28915
2015-04-13,7.34,7.25,7.22,7.22,153,15723
2015-04-14,7.28,7.17,7.17,7.23,94,10466
2015-04-15,7.34,7.24,7.16,7.18,161,22804
2015-04-16,7.22,6.98,6.92,7.2,291,42398
2015-04-17,6.98,6.89,6.87,6.87,334,55633
2015-04-20,6.95,6.83,6.78,6.92,502,79975
2015-04-21,6.28,5.52,5.27,6.28,2473,484388
2015-04-22,5.7,5.66,5.5,5.5,579,103470
2015-04-23,5.79,5.66,5.56,5.68,794,111621
2015-04-24,6.37,6.26,5.88,5.96,1314,242506
2015-04-27,6.39,6.06,6.03,6.27,932,146353
2015-04-28,6.19,6.07,6.0,6.13,712,100493
2015-04-29,6.1,6.02,5.99,6.01,368,50185
2015-04-30,6.13,6.01,5.96,6.07,854,146166
2015-05-01,6.17,6.17,5.98,6.07,427,55456
2015-05-04,6.36,6.18,6.15,6.15,372,48215
2015-05-05,6.16,5.93,5.88,6.15,706,94352
2015-05-06,5.96,5.95,5.81,5.93,358,56208
2015-05-07,6.0,5.995,5.9,5.93,422,47154
2015-05-08,6.13,6.06,6.01,6.01,399,63536
2015-05-11,6.1,5.99,5.99,6.02,602,68781
2015-05-12,6.05,6.05,5.85,5.93,614,89105
2015-05-13,6.1,5.99,5.86,6.1,518,80777
2015-05-14,6.14,6.11,5.99,6.04,1136,143100
2015-05-15,6.18,6.15,6.04,6.11,459,54868
2015-05-18,6.17,6.17,6.12,6.14,409,47995
2015-05-19,6.19,6.17,6.07,6.15,232,28601
2015-05-20,6.29,6.24,6.15,6.2,508,72976
2015-05-21,6.31,6.3,6.14,6.22,417,45278
2015-05-22,6.32,6.29,6.23,6.3,290,36140
2015-05-26,6.31,6.25,6.21,6.28,472,55606
2015-05-27,6.4,6.4,6.24,6.24,488,86153
2015-05-28,6.53,6.51,6.4,6.4,317,35963
2015-05-29,6.65,6.47,6.46,6.49,634,99410
2015-06-01,6.52,6.48,6.305,6.46,562,63678
2015-06-02,6.51,6.44,6.38,6.43,287,43973
2015-06-03,6.52,6.5,6.42,6.42,270,46731
2015-06-04,6.53,6.46,6.43,6.49,300,33987
2015-06-05,6.61,6.56,6.405,6.44,343,40573
2015-06-08,6.55,6.45,6.43,6.52,281,36338
2015-06-09,6.44,6.3,6.24,6.44,322,40711
2015-06-10,6.37,6.18,6.17,6.31,492,56028
2015-06-11,6.22,6.12,6.05,6.22,338,45444
2015-06-12,6.15,6.12,6.06,6.11,269,30357
2015-06-15,6.25,6.25,6.02,6.1,284,39311
2015-06-16,7.15,6.84,6.56,6.61,1087,183009
2015-06-17,6.91,6.89,6.62,6.89,570,93018
2015-06-18,6.95,6.84,6.82,6.94,305,55293
2015-06-19,6.88,6.69,6.69,6.88,299,96966
2015-06-22,6.83,6.71,6.66,6.83,455,69601
2015-06-23,6.78,6.68,6.66,6.73,248,24932
2015-06-24,6.81,6.66,6.65,6.71,225,30817
2015-06-25,6.76,6.76,6.61,6.75,616,77360
2015-06-26,6.78,6.5,6.5,6.78,588,220557
2015-06-29,6.58,6.3,6.3,6.48,566,78497
2015-06-30,6.45,6.23,6.2,6.37,316,61404
2015-07-01,6.36,6.15,6.12,6.31,559,64113
2015-07-02,6.2,6.14,6.13,6.18,272,35584
2015-07-06,6.24,6.11,6.09,6.12,457,63150
2015-07-07,6.21,6.15,6.07,6.09,358,48478
2015-07-08,6.13,6.02,5.98,6.13,527,75576
2015-07-09,6.11,6.04,5.98,6.09,326,52091
2015-07-10,6.16,6.14,6.05,6.1,497,65299
2015-07-13,6.19,6.13,6.12,6.18,280,42993
2015-07-14,6.14,6.13,5.95,6.11,531,83724
2015-07-15,6.1,5.91,5.9,6.1,311,60344
2015-07-16,6.0,5.8,5.7,6.0,442,68762
2015-07-17,5.81,5.7,5.65,5.81,479,71833
2015-07-20,5.73,5.41,5.38,5.72,455,62502
2015-07-21,5.665,5.5,5.44,5.44,506,59780
2015-07-22,5.49,5.42,5.29,5.45,668,90728
2015-07-23,7.69,7.15,6.74,6.8,2662,461737
2015-07-24,7.23,7.07,6.83,7.11,1138,141094
2015-07-27,7.37,7.22,6.99,7.15,680,95745
2015-07-28,7.31,7.3,7.07,7.27,661,77949
2015-07-29,7.44,7.36,7.295,7.32,699,91908
2015-07-30,7.64,7.64,7.31,7.31,631,91696
2015-07-31,7.72,7.58,7.54,7.64,494,82677
2015-08-03,7.84,7.6,7.52,7.65,694,93056
2015-08-04,8.05,8.02,7.71,7.81,691,100964
2015-08-05,8.12,8.08,8.0,8.02,389,61468
2015-08-06,8.12,8.04,8.0,8.05,436,68558
2015-08-07,8.06,8.02,7.88,8.0,452,69807
2015-08-10,8.16,8.04,7.9,7.97,496,85717
2015-08-11,8.0,7.675,7.65,7.96,547,70125
2015-08-12,7.79,7.66,7.57,7.57,526,73175
2015-08-13,7.79,7.6,7.6,7.65,233,24727
2015-08-14,7.61,7.45,7.41,7.57,200,31510
2015-08-17,7.52,7.47,7.41,7.44,330,48451
2015-08-18,7.47,7.12,7.12,7.47,386,49647
2015-08-19,7.17,6.95,6.93,7.07,541,79626
2015-08-20,6.91,6.61,6.61,6.9,552,72512
2015-08-21,6.965,6.87,6.49,6.49,520,92921
2015-08-24,6.76,6.425,6.0,6.01,827,114771
2015-08-25,6.63,6.31,6.29,6.63,586,72173
2015-08-26,6.6,6.52,6.35,6.46,478,60845
2015-08-27,6.65,6.58,6.44,6.55,386,47303
2015-08-28,6.74,6.64,6.56,6.56,760,100055
2015-08-31,6.83,6.79,6.64,6.64,421,66809
2015-09-01,6.7,6.41,6.41,6.62,620,85420
2015-09-02,6.66,6.635,6.44,6.53,784,85910
2015-09-03,6.785,6.66,6.58,6.69,505,56577
2015-09-04,6.72,6.56,6.46,6.61,537,70592
2015-09-08,6.79,6.7,6.57,6.66,354,43221
2015-09-09,6.84,6.5,6.47,6.83,321,36884
2015-09-10,6.54,6.41,6.39,6.48,334,40316
2015-09-11,6.43,6.29,6.28,6.38,246,30714
2015-09-14,6.36,6.33,6.24,6.29,358,31880
2015-09-15,6.54,6.48,6.33,6.34,440,56632
2015-09-16,6.57,6.39,6.38,6.45,442,51608
2015-09-17,6.49,6.35,6.32,6.36,389,40420
2015-09-18,6.39,6.11,6.08,6.28,730,116399
2015-09-21,6.22,5.99,5.95,6.18,316,40024
2015-09-22,5.9,5.8,5.74,5.9,438,45660
2015-09-23,5.93,5.86,5.77,5.84,393,45662
2015-09-24,5.85,5.79,5.73,5.79,367,35109
2015-09-25,5.91,5.53,5.53,5.84,224,36157
2015-09-28,5.64,5.57,5.46,5.52,438,54124
2015-09-29,5.79,5.67,5.56,5.59,293,33823
2015-09-30,5.81,5.74,5.71,5.74,295,38972
2015-10-01,5.77,5.67,5.54,5.74,365,39276
2015-10-02,5.75,5.75,5.5,5.59,490,56978
2015-10-05,5.83,5.75,5.7,5.77,506,55356
2015-10-06,5.8,5.73,5.7,5.76,318,37455
2015-10-07,5.89,5.84,5.77,5.77,291,32745
2015-10-08,5.88,5.88,5.78,5.86,331,39882
2015-10-09,5.91,5.82,5.77,5.91,291,28039
2015-10-12,5.82,5.58,5.535,5.79,298,38163
2015-10-13,5.56,5.36,5.35,5.55,298,35678
2015-10-14,5.46,5.3,5.29,5.4,616,82146
2015-10-15,5.42,5.42,5.3,5.35,535,59707
2015-10-16,5.44,5.39,5.35,5.44,162,25864
2015-10-19,5.51,5.51,5.37,5.37,305,34915
2015-10-20,5.65,5.6,5.42,5.5,381,41576
2015-10-21,5.7,5.54,5.54,5.61,325,35475
2015-10-22,5.57,5.3,5.22,5.49,727,115645
2015-10-23,5.05,4.91,4.6,4.6,860,158763
2015-10-26,4.98,4.81,4.76,4.93,823,115626
2015-10-27,4.85,4.7,4.605,4.8,650,88564
2015-10-28,4.86,4.85,4.69,4.75,546,78406
2015-10-29,4.87,4.76,4.75,4.8,311,43222
2015-10-30,4.91,4.88,4.71,4.79,303,64722
2015-11-02,5.21,5.21,4.98,4.99,486,73255
2015-11-03,5.31,5.22,5.17,5.17,466,60435
2015-11-04,5.27,5.14,5.12,5.21,442,54423
2015-11-05,5.15,5.08,5.065,5.13,284,36446
2015-11-06,5.1,5.08,4.98,5.06,507,58094
2015-11-09,5.09,5.02,4.985,5.07,275,35666
2015-11-10,5.04,4.88,4.86,5.0,286,31449
2015-11-11,4.93,4.85,4.82,4.86,205,21988
2015-11-12,4.9,4.82,4.75,4.81,348,43628
2015-11-13,5.01,4.91,4.76,4.85,267,46484
2015-11-16,5.13,4.96,4.84,4.94,344,42261
2015-11-17,4.98,4.83,4.8,4.96,279,34925
2015-11-18,4.95,4.95,4.83,4.83,265,37249
2015-11-19,5.07,5.06,4.9,4.91,182,25540
2015-11-20,5.095,4.81,4.795,5.06,503,61017
2015-11-23,4.875,4.72,4.72,4.79,368,43480
2015-11-24,4.87,4.86,4.71,4.71,159,20930
2015-11-25,5.0,4.98,4.84,4.84,162,20283
2015-11-27,5.1,5.08,4.9,4.97,98,14424
2015-11-30,5.09,5.07,4.89,5.08,578,81591
2015-12-01,5.4,5.35,5.05,5.08,287,26591
2015-12-02,5.57,5.46,5.38,5.4,421,58960
2015-12-03,5.49,5.26,5.25,5.45,307,38147
2015-12-04,5.43,5.23,5.2,5.25,344,37323
2015-12-07,5.22,4.87,4.81,5.2,502,58778
2015-12-08,4.93,4.89,4.77,4.82,228,26613
2015-12-09,4.98,4.92,4.83,4.9,337,51959
2015-12-10,5.0,4.89,4.87,4.91,193,36216
2015-12-11,4.93,4.84,4.8,4.85,287,39409
2015-12-14,4.85,4.71,4.7,4.82,291,36478
2015-12-15,4.87,4.87,4.67,4.71,299,37049
2015-12-16,5.12,5.12,4.9,4.9,272,37682
2015-12-17,5.34,5.1,5.01,5.15,219,29740
2015-12-18,5.21,5.15,5.03,5.1,276,101981
2015-12-21,5.31,5.3,5.09,5.2,227,30879
2015-12-22,5.38,5.32,5.22,5.3,248,27139
2015-12-23,5.34,5.32,5.25,5.33,164,28445
2015-12-24,5.47,5.38,5.3,5.3,61,8646
2015-12-28,5.41,5.39,5.26,5.34,264,22631
2015-12-29,5.525,5.45,5.38,5.41,183,25480
2015-12-30,5.45,5.26,5.2,5.4,149,25250
2015-12-31,5.3,5.12,5.11,5.25,377,47217
2016-01-04,5.31,5.25,4.98,5.06,554,59209
2016-01-05,5.28,5.03,5.01,5.28,242,28421
2016-01-06,5.03,5.01,4.91,4.96,185,33218
2016-01-07,4.95,4.79,4.79,4.91,178,25835
2016-01-08,4.9,4.73,4.73,4.8,302,49747
2016-01-11,5.01,4.76,4.71,4.75,329,37490
2016-01-12,5.69,5.5,5.3,5.3,631,94996
2016-01-13,5.68,5.25,5.22,5.55,543,62166
2016-01-14,5.41,5.23,5.16,5.28,428,52800
2016-01-15,5.07,4.98,4.85,5.07,463,45301
2016-01-19,5.13,4.79,4.73,5.02,330,38328
2016-01-20,5.03,4.99,4.6,4.71,582,62469
2016-01-21,5.16,5.03,4.9,5.07,259,36165
2016-01-22,5.2,5.14,5.11,5.14,271,39386
2016-01-25,5.19,5.04,5.04,5.12,170,18920
2016-01-26,5.13,5.06,4.99,5.08,223,29583
2016-01-27,5.1,5.05,4.99,5.07,239,35498
2016-01-28,5.22,5.05,5.05,5.09,189,12730
2016-01-29,5.27,5.16,5.08,5.08,448,78150
2016-02-01,5.21,5.15,5.09,5.1,262,29562
2016-02-02,5.12,5.06,5.01,5.1,137,22603
2016-02-03,5.12,4.99,4.93,5.12,212,35451
2016-02-04,5.06,5.04,4.98,4.98,205,21979
2016-02-05,5.02,4.85,4.85,5.01,215,51148
2016-02-08,4.85,4.76,4.695,4.84,210,30491
2016-02-09,4.75,4.64,4.62,4.69,188,22562
2016-02-10,4.8,4.57,4.52,4.66,221,40788
2016-02-11,4.68,4.61,4.5,4.5,197,29641
2016-02-12,4.66,4.56,4.54,4.65,96,14700
2016-02-16,4.7,4.65,4.6,4.63,142,17402
2016-02-17,4.83,4.82,4.68,4.68,152,33974
2016-02-18,4.84,4.77,4.76,4.84,108,15699
2016-02-19,4.99,4.94,4.82,4.82,180,40798
2016-02-22,5.0,4.84,4.82,5.0,205,24171
2016-02-23,4.9,4.75,4.75,4.8,154,17446
2016-02-24,5.65,5.2,5.1,5.4,449,52822
2016-02-25,5.33,5.3,5.18,5.21,361,41085
2016-02-26,5.43,5.31,5.29,5.32,244,25825
2016-02-29,5.4,5.23,5.14,5.34,385,82536
2016-03-01,5.4,5.39,5.27,5.28,213,24721
2016-03-02,5.43,5.4,5.33,5.33,171,23904
2016-03-03,5.43,5.33,5.31,5.37,227,30574
2016-03-04,5.43,5.38,5.33,5.35,69,10707
2016-03-07,5.41,5.34,5.32,5.33,96,11862
2016-03-08,5.36,5.06,5.06,5.34,184,23939
2016-03-09,5.18,5.18,5.05,5.09,187,25321
2016-03-10,5.22,5.19,5.15,5.2,290,38980
2016-03-11,5.3,5.21,5.1,5.21,188,29135
2016-03-14,5.385,5.33,5.21,5.21,256,22636
2016-03-15,5.26,5.12,5.08,5.25,153,21044
2016-03-16,5.3,5.26,5.09,5.12,325,34634
2016-03-17,5.33,5.19,5.18,5.23,293,35753
2016-03-18,5.33,5.33,5.2,5.22,200,115656
2016-03-21,5.42,5.33,5.25,5.32,151,21046
2016-03-22,5.33,5.2,5.19,5.29,86,9401
2016-03-23,5.21,5.05,5.05,5.21,178,24664
2016-03-24,5.09,5.08,5.02,5.05,148,19094
2016-03-28,5.13,5.1,5.05,5.12,100,15332
2016-03-29,5.25,5.24,5.05,5.05,180,37501
2016-03-30,5.42,5.32,5.17,5.17,143,25926
2016-03-31,5.41,5.36,5.31,5.31,200,56497
2016-04-01,5.42,5.35,5.28,5.28,92,15318
2016-04-04,5.37,5.18,5.18,5.37,100,13836
2016-04-05,5.14,5.08,5.05,5.14,186,32973
2016-04-06,5.17,5.09,5.05,5.07,122,16461
2016-04-07,5.12,5.05,5.05,5.06,105,13300
2016-04-08,5.13,4.99,4.97,5.11,118,13643
2016-04-11,5.13,5.03,5.03,5.04,272,29378
2016-04-12,5.1,5.06,5.03,5.07,56,9276
2016-04-13,5.29,5.25,5.06,5.08,80,14604
2016-04-14,5.24,5.2,5.17,5.24,118,13880
2016-04-15,5.21,5.16,5.14,5.16,103,16734
2016-04-18,5.51,5.45,5.26,5.34,379,52448
2016-04-19,5.53,5.48,5.41,5.45,224,20751
2016-04-20,5.54,5.46,5.45,5.46,120,19439
2016-04-21,5.54,5.53,5.44,5.47,260,38311
2016-04-22,5.94,5.58,5.51,5.77,434,55370
2016-04-25,5.62,5.53,5.48,5.55,201,22800
2016-04-26,5.75,5.65,5.51,5.52,215,29247
2016-04-27,5.77,5.66,5.62,5.62,210,25728
2016-04-28,5.99,5.91,5.63,5.63,260,32264
2016-04-29,5.94,5.69,5.59,5.94,261,63365
2016-05-02,5.77,5.71,5.65,5.75,228,28336
2016-05-03,5.77,5.6,5.54,5.67,207,24301
2016-05-04,5.6,5.43,5.43,5.57,265,28771
2016-05-05,5.59,5.4,5.38,5.44,152,19985
2016-05-06,5.45,5.38,5.36,5.37,97,17337
2016-05-09,5.48,5.38,5.35,5.4,122,16511
2016-05-10,5.38,5.31,5.28,5.38,281,25736
2016-05-11,5.43,5.36,5.31,5.31,132,14998
2016-05-12,5.34,5.25,5.2,5.34,89,13455
2016-05-13,5.33,5.25,5.19,5.33,139,19289
2016-05-16,5.39,5.28,5.22,5.29,372,47224
2016-05-17,5.27,5.03,5.02,5.26,239,36042
2016-05-18,5.17,5.05,5.05,5.09,188,16889
2016-05-19,5.13,5.13,5.02,5.04,208,34337
2016-05-20,5.5,5.48,5.2,5.2,150,54179
2016-05-23,5.58,5.47,5.47,5.49,124,12749
2016-05-24,5.84,5.82,5.51,5.52,220,78621
2016-05-25,5.83,5.7,5.66,5.83,203,27482
2016-05-26,5.955,5.93,5.67,5.67,223,24356
2016-05-27,6.07,5.91,5.84,5.95,150,25741
2016-05-31,5.91,5.7,5.65,5.91,272,48387
2016-06-01,5.9,5.85,5.63,5.63,184,28193
2016-06-02,5.82,5.75,5.7,5.8,128,16865
2016-06-03,5.96,5.93,5.79,5.8,134,22639
2016-06-06,6.07,5.92,5.87,5.87,162,17575
2016-06-07,6.02,5.93,5.89,5.89,88,12315
2016-06-08,6.04,5.95,5.93,5.93,164,27317
2016-06-09,5.94,5.79,5.78,5.94,93,16583
2016-06-10,5.77,5.64,5.63,5.73,135,18903
2016-06-13,5.9,5.82,5.61,5.62,264,24013
2016-06-14,5.86,5.77,5.75,5.79,173,16874
2016-06-15,5.8,5.72,5.7,5.8,66,7340
2016-06-16,5.69,5.66,5.49,5.69,225,23488
2016-06-17,5.67,5.64,5.55,5.67,215,99358
2016-06-20,5.9,5.74,5.69,5.69,85,13967
2016-06-21,5.79,5.72,5.55,5.74,170,22473
2016-06-22,5.88,5.76,5.675,5.72,250,28540
2016-06-23,5.96,5.88,5.84,5.84,177,27666
2016-06-24,5.77,5.66,5.55,5.55,364,196719
2016-06-27,5.62,5.43,5.42,5.61,379,55793
2016-06-28,5.6,5.48,5.45,5.47,263,28841
2016-06-29,5.68,5.51,5.47,5.53,196,23333
2016-06-30,5.7,5.69,5.49,5.49,167,22763
2016-07-01,5.74,5.66,5.64,5.68,137,13981
2016-07-05,5.64,5.6,5.46,5.6,198,18297
2016-07-06,5.76,5.68,5.49,5.54,222,25972
2016-07-07,5.73,5.65,5.65,5.73,243,24384
2016-07-08,5.66,5.64,5.4,5.54,489,75638
2016-07-11,5.86,5.78,5.58,5.64,327,24880
2016-07-12,5.89,5.81,5.8,5.8,206,29528
2016-07-13,5.86,5.71,5.71,5.82,196,24675
2016-07-14,5.84,5.81,5.77,5.77,191,32161
2016-07-15,6.05,6.04,5.85,5.87,504,67139
2016-07-18,6.08,5.95,5.92,6.03,180,22477
2016-07-19,5.96,5.86,5.85,5.94,101,14461
2016-07-20,6.04,6.02,5.85,5.87,139,14303
2016-07-21,6.09,6.02,5.94,6.0,79,10489
2016-07-22,6.01,5.96,5.89,6.01,122,18375
2016-07-25,6.08,6.08,5.94,5.94,161,24421
2016-07-26,6.185,6.14,6.04,6.07,177,24145
2016-07-27,6.24,6.13,6.08,6.1,264,38147
2016-07-28,6.2,6.18,6.11,6.12,111,13408
2016-07-29,6.6,6.39,6.3,6.44,823,141040
2016-08-01,6.44,6.39,6.3,6.33,273,39085
2016-08-02,6.37,6.21,6.2,6.36,289,36740
2016-08-03,6.26,6.08,6.05,6.26,320,46380
2016-08-04,6.19,6.16,6.1,6.1,165,15936
2016-08-05,6.39,6.33,6.14,6.18,289,83773
2016-08-08,6.4,6.35,6.32,6.33,135,14704
2016-08-09,6.4,6.29,6.27,6.33,97,10929
2016-08-10,6.3,6.19,6.14,6.3,99,10982
2016-08-11,6.33,6.25,6.17,6.2,118,10274
2016-08-12,6.53,6.52,6.24,6.24,187,24647
2016-08-15,6.61,6.51,6.46,6.52,78,11740
2016-08-16,6.55,6.45,6.43,6.48,52,9506
2016-08-17,6.6,6.55,6.46,6.49,209,22371
2016-08-18,6.7,6.68,6.48,6.55,123,14788
2016-08-19,7.23,6.95,6.7,6.71,271,84590
2016-08-22,7.21,7.09,6.95,7.0,152,18365
2016-08-23,7.5,7.43,7.18,7.18,270,40987
2016-08-24,7.49,7.18,7.15,7.49,256,36986
2016-08-25,7.29,7.29,7.16,7.2,157,16275
2016-08-26,7.41,7.29,7.23,7.33,187,19036
2016-08-29,7.4,7.33,7.21,7.35,135,23025
2016-08-30,7.4,7.38,7.265,7.29,164,17663
2016-08-31,7.4,7.27,7.15,7.4,182,39767
2016-09-01,7.36,7.36,7.13,7.26,131,11932
2016-09-02,7.44,7.43,7.34,7.38,137,15864
2016-09-06,7.44,7.36,7.35,7.4,122,14085
2016-09-07,7.41,7.14,7.14,7.33,275,29088
2016-09-08,7.24,7.17,7.09,7.15,225,29408
2016-09-09,7.15,6.86,6.86,7.14,203,31878
2016-09-12,6.95,6.95,6.69,6.81,119,18183
2016-09-13,7.0,6.83,6.73,6.9,123,21200
2016-09-14,6.87,6.74,6.74,6.81,123,11922
2016-09-15,6.87,6.86,6.59,6.74,90,15088
2016-09-16,6.93,6.93,6.8,6.87,159,87296
2016-09-19,7.03,6.91,6.87,6.94,156,17235
2016-09-20,7.0,6.91,6.85,6.98,88,10622
2016-09-21,6.95,6.95,6.88,6.92,231,18988
2016-09-22,7.135,7.1,6.96,6.96,137,21123
2016-09-23,7.13,7.04,7.04,7.06,170,20925
2016-09-26,7.05,6.84,6.83,7.02,127,18702
2016-09-27,6.92,6.88,6.81,6.81,175,17009
2016-09-28,7.07,7.04,6.87,6.88,244,38152
2016-09-29,7.08,7.08,6.9,7.01,191,15955
2016-09-30,7.47,7.41,7.06,7.07,297,35738
2016-10-03,7.62,7.42,7.32,7.32,183,29217
2016-10-04,7.43,7.35,7.33,7.41,150,22806
2016-10-05,7.51,7.45,7.36,7.36,151,28944
2016-10-06,7.86,7.8,7.415,7.45,299,47910
2016-10-07,7.78,7.72,7.645,7.78,288,30377
2016-10-10,7.8,7.8,7.67,7.77,253,42889
2016-10-11,7.8,7.55,7.5,7.8,443,49660
2016-10-12,7.69,7.68,7.53,7.58,262,22230
2016-10-13,7.66,7.49,7.45,7.66,331,81302
2016-10-14,7.8,7.76,7.54,7.55,261,51808
2016-10-17,7.79,7.6,7.6,7.78,198,21960
2016-10-18,7.66,7.64,7.57,7.64,63,10671
2016-10-19,7.72,7.7,7.59,7.61,214,28087
2016-10-20,7.79,7.65,7.62,7.65,130,15216
2016-10-21,7.7,7.64,7.56,7.56,214,47274
2016-10-24,7.74,7.62,7.61,7.63,399,72738
2016-10-25,8.07,7.82,7.63,7.63,873,149604
2016-10-26,8.0,7.99,7.85,7.85,544,72625
2016-10-27,8.65,7.84,7.76,8.6,1554,264660
2016-10-28,8.5,8.34,7.78,7.79,1215,168506
2016-10-31,8.71,8.5,8.33,8.45,1056,183349
2016-11-01,8.84,8.6,8.44,8.5,1347,218368
2016-11-02,8.77,8.75,8.6,8.63,633,100636
2016-11-03,8.76,8.52,8.395,8.74,733,111863
2016-11-04,8.69,8.66,8.52,8.57,873,107419
2016-11-07,8.9,8.86,8.6,8.8,942,114015
2016-11-08,9.18,9.04,8.88,8.9,672,121396
2016-11-09,9.31,9.24,8.75,8.84,810,115097
2016-11-10,9.46,9.33,9.0,9.36,868,120058
2016-11-11,9.65,9.64,9.29,9.43,1195,163872
2016-11-14,9.92,9.9,9.7,9.75,715,134314
2016-11-15,9.96,9.15,8.81,9.96,1611,234543
2016-11-16,9.72,9.7,9.21,9.21,749,108350
2016-11-17,10.0,9.87,9.64,9.74,865,109806
2016-11-18,9.99,9.86,9.62,9.93,1003,137872
2016-11-21,10.0,9.88,9.81,9.99,920,122447
2016-11-22,10.55,10.38,9.85,9.94,1409,191776
2016-11-23,10.55,10.49,10.35,10.45,688,97732
2016-11-25,10.56,10.22,10.17,10.55,429,60075
2016-11-28,10.17,10.16,9.72,10.1,1162,173652
2016-11-29,10.23,9.99,9.92,10.2,754,82242
2016-11-30,10.15,10.04,9.94,10.0,729,94798
2016-12-01,10.09,9.61,9.37,10.09,1087,149408
2016-12-02,9.94,9.85,9.29,9.64,952,124236
2016-12-05,10.0,9.91,9.73,9.75,714,105133
2016-12-06,10.075,10.07,9.89,9.93,524,71744
2016-12-07,10.44,10.29,10.0,10.03,878,122131
2016-12-08,10.65,10.28,10.19,10.33,911,143981
2016-12-09,10.33,9.88,9.86,10.33,648,79079
2016-12-12,9.97,9.69,9.68,9.88,768,106605
2016-12-13,9.87,9.79,9.6,9.67,618,68242
2016-12-14,9.8,9.65,9.64,9.75,581,84915
2016-12-15,9.99,9.83,9.67,9.71,438,63638
2016-12-16,10.25,10.17,9.95,9.99,676,406643
2016-12-19,10.24,10.16,10.1,10.2,562,60324
2016-12-20,10.25,10.14,10.02,10.13,683,97260
2016-12-21,10.355,10.24,10.1,10.15,312,37793
2016-12-22,10.3,10.17,10.13,10.25,269,46099
2016-12-23,10.29,10.25,10.1,10.15,242,28266
2016-12-27,10.33,10.06,10.03,10.14,696,80288
2016-12-28,10.12,10.03,9.98,10.06,375,60135
2016-12-29,10.15,9.84,9.75,10.03,458,72376
2016-12-30,9.92,9.7,9.65,9.92,715,84022
2017-01-03,9.92,9.79,9.42,9.7,834,96600
2017-01-04,10.11,10.0,9.76,9.85,944,116499
2017-01-05,10.49,10.44,10.03,10.06,966,118160
2017-01-06,10.56,10.37,10.32,10.49,594,84402
2017-01-09,11.85,11.65,11.09,11.09,2543,418097
2017-01-10,11.9,11.85,11.42,11.84,1242,165270
2017-01-11,11.92,11.92,11.58,11.89,1000,146540
2017-01-12,12.21,12.16,11.75,11.92,1124,188202
2017-01-13,12.58,12.18,12.06,12.17,1408,155973
2017-01-17,12.71,12.4,12.27,12.44,1953,231625
2017-01-18,12.55,12.44,12.2,12.55,766,116241
2017-01-19,12.61,12.31,12.31,12.45,526,55176
2017-01-20,12.75,12.43,12.33,12.33,683,113181
2017-01-23,12.54,11.97,11.93,12.49,1236,151085
2017-01-24,12.34,12.34,12.08,12.08,573,69675
2017-01-25,12.675,12.62,12.39,12.56,754,91325
2017-01-26,12.65,12.49,12.37,12.62,639,100930
2017-01-27,12.7,12.67,12.47,12.47,582,61641
2017-01-30,12.62,12.53,12.36,12.62,845,105222
2017-01-31,12.57,12.53,12.31,12.45,920,119567
2017-02-01,12.8,12.61,12.54,12.54,790,96132
2017-02-02,13.08,12.79,12.7,12.74,928,107374
2017-02-03,12.92,12.85,12.79,12.88,612,72239
2017-02-06,12.81,12.59,12.3,12.81,816,103541
2017-02-07,12.86,12.74,12.6,12.67,861,106619
2017-02-08,12.81,12.7,12.45,12.8,522,69569
2017-02-09,12.94,12.72,12.6,12.66,509,65030
2017-02-10,12.75,12.7,12.54,12.72,588,75053
2017-02-13,12.55,12.04,11.94,12.36,1619,237571
2017-02-14,12.34,12.09,11.99,12.0,876,141156
2017-02-15,12.37,12.24,12.16,12.19,908,104020
2017-02-16,12.315,12.2,11.89,12.18,633,83157
2017-02-17,12.25,12.19,12.08,12.23,429,78035
2017-02-21,12.44,12.38,12.07,12.07,522,83972
2017-02-22,12.59,12.58,12.27,12.28,1086,124667
2017-02-23,14.44,14.01,13.61,14.0,4958,709174
2017-02-24,14.95,14.67,13.89,14.01,2336,294553
2017-02-27,14.86,14.57,14.08,14.85,2522,301054
2017-02-28,14.5,13.85,13.83,14.48,2192,283819
2017-03-01,14.31,14.3,13.82,13.87,1837,236631
2017-03-02,14.3,13.68,13.62,14.27,1066,142956
2017-03-03,13.84,13.34,13.28,13.67,1534,151288
2017-03-06,13.99,13.88,13.52,13.69,1487,215494
2017-03-07,14.06,13.84,13.82,13.9,977,118459
2017-03-08,14.09,13.88,13.83,13.9,844,99805
2017-03-09,13.89,13.65,13.55,13.81,900,109299
2017-03-10,13.99,13.83,13.65,13.77,751,90927
2017-03-13,14.47,14.32,13.83,13.83,1139,140448
2017-03-14,14.43,14.2,14.13,14.4,1011,122282
2017-03-15,14.73,14.68,14.15,14.15,957,125055
2017-03-16,15.3,15.09,14.76,14.8,1634,190827
2017-03-17,15.64,15.45,15.08,15.08,2013,432423
2017-03-20,16.09,15.84,15.46,15.59,1885,261099
2017-03-21,16.0,14.98,14.96,15.95,2044,299468
2017-03-22,15.33,15.06,14.8,14.96,863,93155
2017-03-23,15.5,15.38,14.97,15.07,903,88068
2017-03-24,15.75,15.66,15.42,15.47,1348,144092
2017-03-27,15.77,15.65,15.0,15.34,1048,139311
2017-03-28,15.91,15.65,15.61,15.71,1071,135991
2017-03-29,15.9,15.86,15.4,15.57,1028,146362
2017-03-30,16.27,16.18,15.8,15.87,814,121569
2017-03-31,16.99,16.87,16.08,16.19,2162,525599
2017-04-03,16.94,16.65,16.24,16.94,2034,247664
2017-04-04,16.82,16.56,16.34,16.64,1465,212258
2017-04-05,16.72,15.66,15.63,16.6,1928,234091
2017-04-06,15.75,15.6,14.97,15.55,1337,167756
2017-04-07,15.82,15.63,15.51,15.58,1011,140167
2017-04-10,16.19,15.94,15.8,15.87,1235,138472
2017-04-11,16.01,15.69,15.51,15.94,1185,133939
2017-04-12,15.68,15.32,15.23,15.61,843,113993
2017-04-13,15.49,15.16,15.05,15.24,1109,114724
2017-04-17,15.31,15.28,14.95,15.16,1220,118081
2017-04-18,15.37,15.34,15.21,15.34,566,59321
2017-04-19,15.725,15.69,15.41,15.52,1070,124886
2017-04-20,16.12,16.1,15.71,15.86,1330,143414
2017-04-21,16.24,16.11,15.75,16.04,2073,259550
2017-04-24,17.08,16.96,16.14,16.28,2727,411819
2017-04-25,17.85,17.71,16.77,17.18,2619,349681
2017-04-26,17.75,17.51,17.16,17.75,2495,313032
2017-04-27,20.14,19.8,17.6,19.06,6518,851459
2017-04-28,20.2,19.24,19.13,20.03,2870,378485
2017-05-01,20.74,20.63,19.31,19.66,5146,626598
2017-05-02,21.04,20.2,20.0,20.68,2209,278010
2017-05-03,20.96,20.95,19.75,20.2,3044,317952
2017-05-04,21.32,21.05,20.65,21.07,1961,216598
2017-05-05,21.35,21.08,20.69,21.06,1925,202496
2017-05-08,21.27,20.58,20.44,21.26,1719,202649
2017-05-09,21.27,20.96,20.8,20.8,1600,163155
2017-05-10,21.69,21.59,20.96,21.05,1560,185179
2017-05-11,21.99,21.83,21.04,21.4,2069,225315
2017-05-12,22.28,21.75,21.61,22.03,1346,158218
2017-05-15,22.67,22.38,21.95,22.0,1800,198594
2017-05-16,22.82,22.51,22.15,22.51,1560,184632
2017-05-17,22.17,20.8,20.6,22.08,3140,355357
2017-05-18,21.55,21.45,20.25,20.83,2242,469056
2017-05-19,22.1,21.59,21.39,21.85,1421,399132
2017-05-22,22.51,22.43,21.24,21.67,1773,202025
2017-05-23,22.6,22.37,21.8,22.6,1295,147744
2017-05-24,23.22,23.1,22.08,22.44,3003,267802
2017-05-25,23.57,23.11,22.82,23.26,1627,176878
2017-05-26,24.15,24.11,23.12,23.22,2922,332890
2017-05-30,24.14,23.37,23.05,24.11,2920,332568
2017-05-31,23.54,22.84,21.78,23.39,3712,898455
2017-06-01,23.25,22.97,22.74,22.98,2143,263684
2017-06-02,23.9,23.42,22.95,22.97,1885,182999
2017-06-05,23.65,23.59,23.125,23.42,2161,311209
2017-06-06,24.28,23.97,23.4,23.6,2073,216560
2017-06-07,24.8,24.77,23.9,24.13,1815,207787
2017-06-08,25.88,25.88,24.6,24.9,2848,334010
2017-06-09,26.2,22.88,21.6,26.12,5443,613138
2017-06-12,23.0,22.27,21.65,22.97,4558,515039
2017-06-13,23.37,22.54,22.05,22.52,2365,239753
2017-06-14,22.65,21.82,21.48,22.59,2106,229890
2017-06-15,21.53,20.75,20.19,21.0,3999,430173
2017-06-16,21.6,20.64,20.52,20.7,1868,369883
2017-06-19,21.47,21.01,20.3,20.96,2272,276596
2017-06-20,21.41,20.31,20.27,21.1,2463,275612
2017-06-21,20.92,20.58,19.81,20.32,1857,211380
2017-06-22,20.58,20.48,20.0,20.54,2074,232744
2017-06-23,20.725,20.64,20.15,20.46,1801,655450
2017-06-26,21.47,20.57,20.3,20.81,2094,229097
2017-06-27,20.49,19.07,18.97,20.46,3952,426935
2017-06-28,19.7,19.56,18.6,19.12,2294,303818
2017-06-29,19.7,18.68,18.11,19.4,2583,242373
2017-06-30,19.14,18.75,18.45,18.63,2212,307549
2017-07-03,18.96,18.58,18.41,18.77,785,99151
2017-07-05,19.205,19.11,18.67,18.67,1835,188619
2017-07-06,19.36,19.02,18.7,18.76,1247,155457
2017-07-07,20.0,19.83,19.19,19.19,1629,175430
2017-07-10,20.965,20.81,19.81,20.04,2945,318442
2017-07-11,21.7,21.34,20.84,20.91,2288,241092
2017-07-12,21.95,21.85,21.36,21.58,1747,191012
2017-07-13,22.01,21.42,21.06,22.01,2251,238534
2017-07-14,22.27,22.2,21.41,21.44,2031,234665
2017-07-17,23.03,22.76,22.06,22.25,3042,351363
2017-07-18,23.48,23.47,22.5,22.74,1945,221959
2017-07-19,24.3,24.27,23.57,23.73,2225,249149
2017-07-20,24.56,24.09,23.61,24.56,2107,233345
2017-07-21,24.04,23.86,23.49,24.02,1310,172457
2017-07-24,24.26,24.11,23.64,23.98,1397,160558
2017-07-25,24.19,24.02,23.75,24.11,1371,141740
2017-07-26,24.96,24.84,24.18,24.18,2475,326326
2017-07-27,25.13,24.54,22.95,25.02,5309,717556
2017-07-28,26.15,24.36,23.79,26.02,5243,699573
2017-07-31,25.39,23.45,23.12,24.7,4280,467991
2017-08-01,23.61,22.48,22.16,23.48,4031,435024
2017-08-02,22.78,21.4,21.15,22.76,3231,335510
2017-08-03,21.68,21.13,20.99,21.39,2415,234452
2017-08-04,21.52,20.88,20.65,21.16,2140,242055
2017-08-07,22.115,22.0,20.9,20.9,2988,328245
2017-08-08,22.29,21.81,21.55,22.0,2788,280011
2017-08-09,22.33,22.1,21.07,21.63,1765,191412
2017-08-10,22.31,20.87,20.84,21.84,2219,260829
2017-08-11,22.15,22.08,20.9,20.92,2246,233885
2017-08-14,23.23,23.21,22.44,22.7,2359,293613
2017-08-15,23.63,23.11,22.93,23.27,1967,209860
2017-08-16,23.77,23.69,23.02,23.34,1661,174559
2017-08-17,23.48,22.69,22.58,23.48,2772,256392
2017-08-18,23.53,23.25,22.83,23.01,1995,387378
2017-08-21,23.32,22.38,22.07,23.32,1609,179364
2017-08-22,23.15,23.08,22.5,22.55,1453,151009
2017-08-23,23.01,22.66,22.37,22.66,1587,200446
2017-08-24,23.04,22.48,22.24,22.89,1325,147186
2017-08-25,22.72,22.33,21.96,22.65,1729,152055
2017-08-28,22.83,22.69,22.13,22.34,1782,166999
2017-08-29,23.335,23.33,21.83,22.17,2490,281403
2017-08-30,24.4,24.39,23.45,23.45,2813,311245
2017-08-31,24.59,23.07,22.94,24.59,2645,358861
2017-09-01,23.58,23.49,22.7,23.02,2409,257179
2017-09-05,23.27,22.77,21.96,23.09,2797,273013
2017-09-06,23.35,23.24,22.62,22.93,2327,293671
2017-09-07,23.66,23.6,22.91,23.28,1971,188657
2017-09-08,23.49,22.31,22.21,23.49,1501,176165
2017-09-11,24.37,24.15,22.73,22.77,3103,371791
2017-09-12,24.5,24.0,23.38,24.43,2183,251336
2017-09-13,24.9,24.6,23.58,23.89,2070,249221
2017-09-14,26.2,25.95,24.33,24.5,2771,341243
2017-09-15,26.98,26.96,25.66,25.97,4351,664051
2017-09-18,28.71,27.79,27.28,27.74,5270,733402
2017-09-19,28.85,28.31,27.61,28.28,3762,455079
2017-09-20,28.39,27.63,27.15,28.39,2859,293877
2017-09-21,27.64,27.24,26.59,27.64,2541,357229
2017-09-22,28.28,28.21,26.82,26.96,2166,258986
2017-09-25,28.51,27.01,26.65,28.35,3521,402306
2017-09-26,27.71,26.86,26.745,27.45,1877,247670
2017-09-27,29.8,29.03,26.96,27.17,3955,470858
2017-09-28,30.56,30.32,29.02,29.04,3487,424520
2017-09-29,30.89,30.62,29.77,30.47,2354,358904
2017-10-02,32.3,31.57,31.06,31.18,4039,359582
2017-10-03,32.18,30.73,29.79,31.59,3178,337061
2017-10-04,30.9,30.66,30.12,30.55,1627,259287
2017-10-05,30.79,29.97,29.46,30.79,2428,269478
2017-10-06,30.92,30.4,29.6,29.79,1791,212120
2017-10-09,31.23,30.81,30.42,30.66,2288,228524
2017-10-10,31.24,31.16,30.1,31.17,2281,249481
2017-10-11,31.96,31.77,30.75,30.88,1668,202998
2017-10-12,32.65,32.32,31.55,31.85,2051,243440
2017-10-13,33.87,33.6,32.51,32.75,2879,373453
2017-10-16,33.95,33.71,32.86,33.86,2500,334491
2017-10-17,34.11,33.97,33.47,33.47,1984,258643
2017-10-18,34.59,34.51,33.25,34.23,3128,335199
2017-10-19,33.95,33.74,31.02,33.95,4265,453310
2017-10-20,34.29,32.98,32.4,34.08,4165,314284
2017-10-23,33.39,33.01,32.25,33.02,2882,311125
2017-10-24,33.9,33.34,33.14,33.27,2203,252981
2017-10-25,33.24,32.69,31.26,33.06,4268,465819
2017-10-26,29.0,25.82,24.89,28.64,13533,1902749
2017-10-27,26.33,24.28,23.94,26.23,8690,981512
2017-10-30,24.59,24.27,23.2,24.02,4948,599009
2017-10-31,25.71,25.52,24.16,24.31,5202,607741
2017-11-01,25.92,24.39,23.59,25.7,5418,659932
2017-11-02,24.69,24.56,23.77,24.24,3483,333247
2017-11-03,25.16,24.45,24.13,24.77,3149,306985
2017-11-06,25.17,25.11,24.28,24.46,3186,379348
2017-11-07,25.3,24.0,23.9,25.05,3392,364197
2017-11-08,24.15,24.06,23.35,24.02,3163,313584
2017-11-09,24.24,24.21,22.7,23.65,3888,391467
2017-11-10,24.64,23.48,23.41,24.21,2777,326846
2017-11-13,24.33,24.33,23.01,23.2,2588,285817
2017-11-14,24.54,23.96,23.58,24.28,2420,233061
2017-11-15,23.76,23.75,23.01,23.58,2081,255855
2017-11-16,24.96,24.58,23.98,23.98,2577,240482
2017-11-17,25.2,24.29,24.29,25.02,3970,334453
2017-11-20,25.25,25.01,24.1,24.17,2606,281032
2017-11-21,26.21,26.19,25.17,25.3,2898,322060
2017-11-22,26.48,24.28,24.13,26.45,3118,378544
2017-11-24,25.11,24.78,24.4,24.5,1008,115320
2017-11-27,24.41,24.26,23.5,24.2,2474,307451
2017-11-28,24.54,24.08,23.85,24.36,2468,314220
2017-11-29,24.13,21.21,20.79,24.02,5773,647541
2017-11-30,21.79,20.98,20.68,21.55,3803,577371
2017-12-01,21.09,20.41,18.92,20.89,4823,539012
2017-12-04,22.71,20.665,20.31,22.24,6796,955561
2017-12-05,21.95,20.9,20.17,20.63,2461,293390
2017-12-06,20.9,20.65,20.31,20.63,2660,301198
2017-12-07,21.21,21.16,20.6,20.9,2623,277563
2017-12-08,21.78,21.06,20.81,21.47,2616,284683
2017-12-11,21.36,21.06,20.45,21.05,2049,213917
2017-12-12,21.0,20.22,19.9,20.98,3367,379984
2017-12-13,21.43,20.77,20.35,20.35,2482,280722
2017-12-14,21.46,21.23,20.71,20.79,1569,154438
2017-12-15,22.18,21.86,21.16,21.31,2241,386913
2017-12-18,22.47,22.28,21.97,22.34,1778,203141
2017-12-19,22.59,22.4,22.08,22.24,1880,205120
2017-12-20,23.08,22.48,22.18,22.81,2415,315924
2017-12-21,22.67,21.865,21.72,22.56,1306,146422
2017-12-22,22.36,21.91,21.4,21.88,1174,177454
2017-12-26,21.64,21.14,20.91,21.55,1605,418390
2017-12-27,21.65,21.36,20.92,21.11,1877,263520
2017-12-28,21.6,21.15,21.01,21.41,1323,157425
2017-12-29,24.19,23.09,22.55,22.69,7925,1176220
2018-01-02,23.97,23.69,23.02,23.21,7065,4180381
2018-01-03,24.12,23.94,23.31,23.8,4622,528397
2018-01-04,24.57,23.63,23.42,24.24,3275,429019
2018-01-05,23.71,23.44,23.05,23.65,2399,277445
2018-01-08,23.46,22.81,22.79,23.45,2274,251203
2018-01-09,23.17,22.54,22.09,22.99,2679,309973
2018-01-10,22.5,22.4,21.42,22.32,2845,313432
2018-01-11,22.89,22.75,22.19,22.48,2036,256887
2018-01-12,23.52,23.22,22.86,22.86,1723,211013
2018-01-16,24.25,23.66,23.23,23.75,2621,336537
2018-01-17,25.15,24.98,23.92,24.02,3090,337297
2018-01-18,27.02,26.88,24.65,25.05,7092,1006836
2018-01-19,27.2,26.67,26.03,27.0,3446,441316
2018-01-22,26.71,25.57,25.42,26.64,2645,307308
2018-01-23,25.6,25.35,24.75,25.48,3509,409797
2018-01-24,25.39,24.09,23.195,25.39,3554,424611
2018-01-25,25.3,23.68,23.56,24.77,3527,427602
2018-01-26,24.42,24.27,23.72,23.81,1530,173836
2018-01-29,24.05,23.04,22.58,23.97,2762,297548
2018-01-30,22.36,22.03,20.42,20.5,4052,552266
2018-01-31,22.65,21.69,21.53,21.85,11615,1957388
2018-02-01,22.29,21.21,21.13,21.5,3086,404592
2018-02-02,21.05,20.19,19.95,21.0,3628,884560
2018-02-05,20.54,19.45,19.17,19.64,4770,876850
2018-02-06,20.015,19.65,18.79,19.0,5278,607261
2018-02-07,19.78,19.06,19.0,19.38,3385,457378
2018-02-08,19.28,17.24,17.19,19.04,6132,893328
2018-02-09,18.1,17.13,16.29,17.59,6162,927490
2018-02-12,18.37,18.07,17.3,17.33,4934,653455
2018-02-13,18.25,17.62,17.27,18.07,3316,390462
2018-02-14,18.8,18.74,17.41,17.41,3482,422385
2018-02-15,19.35,19.08,18.24,18.91,3251,380292
2018-02-16,19.45,19.19,18.9,19.01,3534,374278
2018-02-20,20.6,20.36,19.12,19.12,4573,761258
2018-02-21,20.33,19.96,19.7,20.3,4085,494531
2018-02-22,19.0,18.67,17.76,18.6,8773,1043382
2018-02-23,19.59,19.55,18.77,18.77,3137,360710
2018-02-26,19.9,19.73,19.18,19.53,3174,487806
2018-02-27,19.88,19.41,19.08,19.63,3143,568992
2018-02-28,19.75,19.26,19.18,19.4,2742,388715
2018-03-01,19.86,19.45,19.0,19.4,3017,399025
2018-03-02,19.9,19.83,18.77,19.08,2226,334317
2018-03-05,20.03,19.71,19.29,19.67,3057,317641
2018-03-06,20.73,20.69,19.65,19.77,3629,422741
2018-03-07,20.99,20.31,20.28,20.42,2824,407641
2018-03-08,20.72,20.14,20.01,20.38,1450,159546
2018-03-09,21.33,21.26,20.38,20.44,1798,273058
2018-03-12,21.7,21.24,21.03,21.35,2244,281061
2018-03-13,21.95,20.79,20.7,21.54,1957,262448
2018-03-14,21.38,20.9,20.59,20.99,2103,291741
2018-03-15,21.22,20.81,20.59,20.96,1420,143426
2018-03-16,20.92,20.66,20.45,20.75,1797,707788
2018-03-19,20.59,20.14,19.69,20.49,1861,200992
2018-03-20,20.54,20.34,20.14,20.19,1217,164619
2018-03-21,21.43,20.83,20.32,20.38,1902,215825
2018-03-22,20.83,19.81,19.71,20.42,1869,215045
2018-03-23,20.15,19.07,19.07,19.85,2232,226779
2018-03-26,20.47,20.45,19.49,19.49,2396,282297
2018-03-27,20.5,18.8,18.62,20.5,2093,231441
2018-03-28,19.165,18.2,18.15,18.75,2388,290164
2018-03-29,19.35,19.25,18.24,18.28,2753,466900
2018-04-02,19.12,18.16,17.98,19.04,2509,257339
2018-04-03,18.56,18.51,18.0,18.2,2262,271148
2018-04-04,18.52,18.36,16.97,17.94,2189,265382
2018-04-05,18.78,18.0,17.78,18.48,2633,344456
2018-04-06,18.44,17.99,17.79,17.84,2132,224509
2018-04-09,18.68,17.72,17.71,17.79,2268,277310
2018-04-10,18.61,18.28,17.93,18.19,2166,246307
2018-04-11,18.7,18.5,18.08,18.08,1414,163140
2018-04-12,18.88,18.74,18.49,18.67,1234,144765
2018-04-13,19.04,18.74,18.35,18.89,1847,182237
2018-04-16,19.1,18.96,18.6,18.82,1106,118765
2018-04-17,19.57,19.32,19.1,19.1,1447,167698
2018-04-18,18.97,18.01,17.92,18.97,2829,403279
2018-04-19,17.89,16.62,16.46,17.8,4003,523770
2018-04-20,17.21,16.98,16.55,16.55,2140,253592
2018-04-23,17.22,16.62,16.55,17.0,2461,291514
2018-04-24,16.81,15.94,15.77,16.72,4021,477588
2018-04-25,16.11,15.83,15.355,15.92,3243,403041
2018-04-26,18.995,18.64,17.65,17.7,5160,669122
2018-04-27,18.86,17.45,17.23,18.83,3400,433842
2018-04-30,17.955,17.51,17.245,17.44,2825,378896
2018-05-01,17.685,17.64,17.04,17.42,2244,311810
2018-05-02,17.96,17.43,17.385,17.67,2020,220173
2018-05-03,17.45,17.17,16.91,17.35,1866,189971
2018-05-04,17.76,17.58,16.95,17.05,2173,378984
2018-05-07,18.04,17.75,17.65,17.65,1261,190109
2018-05-08,17.72,17.33,17.16,17.67,1687,196570
2018-05-09,18.16,18.06,17.49,17.49,1939,231308
2018-05-10,18.21,18.07,17.99,18.19,1419,164428
2018-05-11,18.02,17.82,17.59,18.02,1274,170645
2018-05-14,18.51,18.17,18.02,18.02,1269,152388
2018-05-15,18.15,17.8,17.53,18.14,1607,225917
2018-05-16,18.24,18.1,17.78,17.85,992,144269
2018-05-17,18.08,17.56,17.48,18.04,1199,155338
2018-05-18,17.08,16.48,16.45,17.08,3062,464349
2018-05-21,17.0,16.57,16.37,16.8,1522,170437
2018-05-22,17.1,16.77,16.64,16.69,1308,158990
2018-05-23,17.025,16.84,16.53,16.65,1778,275241
2018-05-24,16.98,16.87,16.7,16.84,1453,199829
2018-05-25,17.46,17.44,16.53,16.73,1422,180733
2018-05-29,17.84,17.71,17.24,17.38,2703,295412
2018-05-30,18.34,17.75,17.47,17.8,2243,741074
2018-05-31,18.12,17.62,17.61,17.8,1467,193671
2018-06-01,18.7,18.67,17.85,17.85,1774,253347
2018-06-04,18.86,18.33,18.27,18.75,1988,223671
2018-06-05,19.05,19.04,18.4,18.4,2097,282051
2018-06-06,19.05,18.76,18.43,19.0,1348,168158
2018-06-07,18.38,17.87,17.1,18.37,3588,422774
2018-06-08,17.89,17.73,17.39,17.66,1739,239457
2018-06-11,17.99,17.37,17.25,17.76,2060,197803
2018-06-12,17.64,17.35,17.22,17.46,1610,181511
2018-06-13,17.81,17.37,17.35,17.35,1286,160044
2018-06-14,17.69,17.23,17.17,17.67,1416,186544
2018-06-15,17.08,16.73,16.67,17.04,1854,521771
2018-06-18,17.32,17.19,16.54,16.75,3686,503920
2018-06-19,17.32,17.13,16.78,16.84,2518,258700
2018-06-20,17.38,17.19,16.88,17.3,2341,327047
2018-06-21,17.61,17.075,17.04,17.35,1413,198094
2018-06-22,17.32,17.16,16.81,17.24,1897,451517
2018-06-25,17.0,16.14,16.11,17.0,1813,228118
2018-06-26,16.51,16.34,16.11,16.18,1309,166915
2018-06-27,16.48,15.96,15.8,16.47,2118,267438
2018-06-28,16.085,15.99,15.64,15.88,1905,230933
2018-06-29,16.78,16.6,16.18,16.19,1500,190944
2018-07-02,16.37,16.35,15.98,16.15,1933,242496
2018-07-03,16.6,15.64,15.61,16.35,1441,245323
2018-07-05,16.15,16.05,15.66,15.84,1288,191595
2018-07-06,16.49,16.38,15.87,16.01,1259,160241
2018-07-09,16.86,16.84,16.22,16.5,1432,197039
2018-07-10,17.32,17.08,16.71,16.9,1640,239698
2018-07-11,16.83,16.05,16.04,16.6,2289,371647
2018-07-12,16.68,16.17,16.08,16.16,1832,285671
2018-07-13,16.6,16.1,16.09,16.23,1515,173532
2018-07-16,16.41,16.07,15.96,16.07,1397,166460
2018-07-17,16.34,16.16,15.86,16.0,2415,333143
2018-07-18,16.43,16.22,16.01,16.43,2297,296679
2018-07-19,16.2,16.04,15.86,16.18,2278,347243
2018-07-20,16.09,15.93,15.82,16.0,1276,172448
2018-07-23,15.96,15.93,15.34,15.83,2092,298102
2018-07-24,16.32,15.65,15.62,16.04,1709,236062
2018-07-25,15.68,14.76,14.74,15.58,3755,550152
2018-07-26,15.12,14.85,14.59,14.61,2736,401593
2018-07-27,15.39,14.48,14.3,15.0,6049,807640
2018-07-30,14.46,13.33,13.25,14.39,4498,623843
2018-07-31,13.59,13.42,13.13,13.44,2758,430524
2018-08-01,14.14,14.1,13.37,13.5,2302,298115
2018-08-02,14.24,14.2,13.81,13.94,1673,210214
2018-08-03,14.76,14.76,14.2,14.31,1740,256743
2018-08-06,14.9,14.7,14.44,14.71,1350,169103
2018-08-07,14.89,14.45,14.35,14.69,1231,174009
2018-08-08,14.815,14.75,14.4,14.51,1167,172697
2018-08-09,14.7,14.25,14.15,14.7,1200,166147
2018-08-10,14.1,13.92,13.78,14.07,1523,160292
2018-08-13,14.04,13.75,13.7,13.98,1834,173475
2018-08-14,13.91,13.71,13.63,13.86,1248,152188
2018-08-15,13.63,13.24,13.15,13.61,1945,216011
2018-08-16,13.46,13.21,13.18,13.46,1606,213623
2018-08-17,13.82,13.68,12.75,13.05,2862,376965
2018-08-20,14.09,14.05,13.51,13.75,1572,190369
2018-08-21,14.43,13.92,13.9,14.05,1582,192869
2018-08-22,14.12,14.05,13.875,13.96,1179,147906
2018-08-23,14.1,13.99,13.82,14.03,878,94235
2018-08-24,14.21,14.03,13.99,14.1,1138,120402
2018-08-27,14.64,14.6,14.08,14.11,1694,196865
2018-08-28,15.53,15.19,14.46,14.64,4127,493820
2018-08-29,15.65,15.63,14.86,15.18,2485,299603
2018-08-30,15.63,15.6,15.28,15.53,1557,177050
2018-08-31,15.78,15.26,15.19,15.55,1059,150343
2018-09-04,15.11,14.76,14.53,15.11,1541,162908
2018-09-05,15.125,15.05,14.61,14.72,1871,259845
2018-09-06,15.05,13.85,13.62,15.05,2416,332054
2018-09-07,14.15,13.95,13.66,13.8,1544,203373
2018-09-10,14.11,13.9,13.55,14.11,1660,248285
2018-09-11,13.84,13.59,13.44,13.77,1180,165677
2018-09-12,13.53,13.45,13.02,13.36,1545,175769
2018-09-13,13.95,13.64,13.39,13.72,1496,164671
2018-09-14,13.84,13.69,13.61,13.69,891,113750
2018-09-17,13.75,13.6,13.52,13.64,771,108801
2018-09-18,13.64,13.55,13.32,13.49,1171,151226
2018-09-19,13.77,13.42,13.4,13.5,737,117053
2018-09-20,13.54,13.49,13.13,13.29,1185,141341
2018-09-21,13.74,13.66,13.44,13.48,733,357780
2018-09-24,13.72,13.68,13.49,13.6,950,113689
2018-09-25,13.75,12.57,12.55,13.64,1958,233952
2018-09-26,12.96,12.62,12.48,12.52,1302,201801
2018-09-27,12.82,12.47,12.28,12.67,1362,153192
2018-09-28,12.73,12.55,12.3,12.43,923,143488
2018-10-01,12.81,12.4,12.34,12.63,1021,130140
2018-10-02,12.87,12.43,12.33,12.39,1628,159499
2018-10-03,13.0,12.75,12.31,12.5,2318,156709
2018-10-04,12.75,12.39,12.2,12.62,1109,140316
2018-10-05,12.4,12.1,11.93,12.38,1350,227383
2018-10-08,12.22,11.93,11.75,11.97,1314,146228
2018-10-09,11.95,11.45,11.37,11.88,1318,155677
2018-10-10,11.67,11.2,11.08,11.27,1837,235688
2018-10-11,11.44,11.06,10.98,11.15,1350,152573
2018-10-12,11.45,11.0,10.86,11.42,1590,184951
2018-10-15,11.12,10.84,10.7,10.95,1465,157192
2018-10-16,11.09,11.06,10.75,10.98,1525,204937
2018-10-17,12.59,11.76,11.4,11.45,2727,367159
2018-10-18,11.8,11.6,11.36,11.73,904,123182
2018-10-19,11.67,11.05,11.05,11.61,849,140883
2018-10-22,11.17,10.45,10.42,11.11,1314,189997
2018-10-23,10.4,10.28,10.02,10.03,1918,258732
2018-10-24,10.29,9.9,9.89,10.07,2155,276764
2018-10-25,10.185,10.07,9.85,10.0,1410,182889
2018-10-26,10.33,10.01,9.69,9.84,1403,187112
2018-10-29,10.35,9.67,9.525,10.23,1665,236489
2018-10-30,10.175,10.17,9.67,9.67,1482,201916
2018-10-31,10.63,10.52,10.055,10.35,1405,224600
2018-11-01,11.48,11.42,10.61,10.61,1624,191005
2018-11-02,11.635,11.52,11.06,11.3,1775,178608
2018-11-05,11.53,11.4,11.12,11.51,1332,191712
2018-11-06,11.6,11.52,11.055,11.37,1384,176774
2018-11-07,11.79,10.295,10.135,11.05,4385,553223
2018-11-08,10.56,9.98,9.915,10.11,2027,324521
2018-11-09,9.9,9.49,9.17,9.9,2260,291563
2018-11-12,9.31,8.78,8.77,9.31,2376,331681
2018-11-13,9.23,8.8,8.71,8.85,1996,286879
2018-11-14,9.1,8.73,8.58,8.95,1625,205734
2018-11-15,9.13,9.07,8.65,8.74,1574,194548
2018-11-16,9.34,9.31,8.69,8.74,1305,249963
2018-11-19,9.36,9.05,8.97,9.28,1503,211420
2018-11-20,9.26,9.06,8.81,8.81,1432,177428
2018-11-21,9.24,8.91,8.89,9.24,736,95368
2018-11-23,8.93,8.75,8.75,8.82,815,132241
2018-11-26,9.06,8.85,8.46,8.92,1498,248743
2018-11-27,9.22,9.12,8.72,8.8,1174,146117
2018-11-28,9.7,9.68,9.07,9.27,1327,222698
2018-11-29,9.66,9.47,9.35,9.61,816,115127
2018-11-30,9.46,9.4,9.2,9.46,796,185788
2018-12-03,9.92,9.75,9.52,9.76,1384,192005
2018-12-04,9.66,9.3,9.29,9.66,1256,144488
2018-12-06,9.23,9.22,8.97,9.01,1183,147394
2018-12-07,9.41,8.85,8.84,9.24,1498,163952
2018-12-10,8.92,8.5,8.47,8.86,898,103681
2018-12-11,8.77,8.35,8.155,8.68,1485,176576
2018-12-12,8.74,8.49,8.44,8.53,862,118438
2018-12-13,8.66,8.31,8.25,8.54,1037,125568
2018-12-14,8.45,8.05,8.05,8.23,1415,178817
2018-12-17,8.47,8.15,8.04,8.05,1681,230273
2018-12-18,8.5,8.0,7.94,8.29,2207,312482
2018-12-19,8.22,7.65,7.57,7.92,1641,212120
2018-12-20,7.92,7.55,7.52,7.66,1680,195616
2018-12-21,7.77,7.37,7.33,7.63,1765,1024427
2018-12-24,7.44,7.13,6.99,7.3,1683,202806
2018-12-26,7.795,7.75,6.95,7.19,2274,329298
2018-12-27,8.19,8.1,7.63,7.63,2115,268248
2018-12-28,8.5,8.21,8.07,8.19,1333,214832
2018-12-31,8.48,8.47,7.93,8.3,977,185297
2019-01-02,8.91,8.68,8.32,8.32,1124,162952
2019-01-03,8.59,8.36,8.115,8.47,1509,193214
2019-01-04,9.05,9.0,8.47,8.54,1633,233362
2019-01-07,9.44,9.36,8.93,9.04,1430,203794
2019-01-08,9.46,9.2,8.83,9.46,1285,183236
2019-01-09,9.44,9.39,9.09,9.26,1625,196783
2019-01-10,9.55,9.43,9.2,9.33,821,98542
2019-01-11,9.4,9.3,9.25,9.37,886,119228
2019-01-14,9.24,9.04,8.97,9.18,863,95172
2019-01-15,9.13,9.05,8.89,9.05,594,82073
2019-01-16,9.7,9.2,9.08,9.1,1408,196429
2019-01-17,9.45,9.43,9.08,9.13,910,114433
2019-01-18,9.82,9.73,9.42,9.49,947,119122
2019-01-22,9.65,9.33,9.25,9.63,1081,165080
2019-01-23,9.5,9.17,9.07,9.4,1103,127904
2019-01-24,10.2,9.91,9.58,9.6,1708,237561
2019-01-25,11.0,11.0,10.05,10.05,1958,258281
2019-01-28,11.33,11.18,10.84,10.9,1933,303212
2019-01-29,11.35,11.01,10.79,11.3,1263,204537
2019-01-30,11.78,11.69,11.05,11.23,2017,263338
2019-01-31,12.04,11.86,11.5,11.74,1944,265677
2019-02-01,12.35,12.32,11.86,11.86,1407,204207
2019-02-04,12.47,12.45,12.03,12.32,1141,177629
2019-02-05,12.79,12.74,12.37,12.37,1218,153123
2019-02-06,13.12,12.79,12.63,12.81,1420,206593
2019-02-07,12.6,12.42,12.13,12.6,1143,138727
2019-02-08,12.51,12.46,12.12,12.23,932,107698
2019-02-11,12.6,12.51,12.3,12.51,610,84890
2019-02-12,12.88,12.61,12.52,12.66,940,107314
2019-02-13,12.74,12.61,12.42,12.61,1036,123827
2019-02-14,12.84,12.56,12.56,12.64,981,153759
2019-02-15,12.67,12.5,12.36,12.59,1451,188465
2019-02-19,12.47,12.35,12.16,12.25,1232,162134
2019-02-20,13.02,12.85,12.33,12.33,1535,222810
2019-02-21,12.87,12.61,12.45,12.87,1329,172175
2019-02-22,11.51,11.47,10.23,11.0,5934,697310
2019-02-25,12.23,11.69,11.52,11.56,1811,250553
2019-02-26,11.74,11.51,11.46,11.62,1145,158160
2019-02-27,11.45,10.91,10.84,11.45,1460,182009
2019-02-28,10.91,10.65,10.6,10.89,1113,164274
2019-03-01,10.85,10.63,10.54,10.74,1129,143481
2019-03-04,11.045,10.85,10.65,10.72,1306,155651
2019-03-05,10.935,10.68,10.67,10.83,682,75872
2019-03-06,10.68,10.42,10.385,10.68,1124,149213
2019-03-07,10.38,9.85,9.82,10.38,1034,127154
2019-03-08,9.86,9.64,9.605,9.7,1890,239850
2019-03-11,10.58,10.11,10.08,10.26,2001,302255
2019-03-12,10.48,10.1,9.94,10.15,2510,271663
2019-03-13,10.19,10.12,9.85,10.13,1058,119939
2019-03-14,10.5,10.04,9.97,10.12,1011,130163
2019-03-15,10.77,10.5,10.0,10.13,1636,468836
2019-03-18,10.58,10.47,10.26,10.51,770,101986
2019-03-19,10.78,10.64,10.52,10.53,846,97398
2019-03-20,10.65,10.44,10.34,10.62,956,106033
2019-03-21,11.21,11.12,10.43,10.43,1165,174971
2019-03-22,11.05,10.62,10.62,11.05,1557,184121
2019-03-25,10.79,10.57,10.33,10.59,1558,164945
2019-03-26,10.77,10.49,10.39,10.66,1164,142632
2019-03-27,10.53,10.4,10.29,10.5,1132,126865
2019-03-28,10.61,10.21,10.15,10.47,1262,164757
2019-03-29,10.55,10.35,10.29,10.32,1510,324510
2019-04-01,10.79,10.77,10.5,10.5,1090,113127
2019-04-02,10.96,10.72,10.67,10.78,1142,140092
2019-04-03,11.53,11.41,10.92,10.93,1006,114364
2019-04-04,11.74,11.52,11.39,11.39,722,69246
2019-04-05,11.79,11.68,11.57,11.6,670,69088
2019-04-08,11.7,11.53,11.51,11.6,663,76908
2019-04-09,11.46,11.18,11.165,11.46,812,76882
2019-04-10,11.41,11.38,11.03,11.17,937,123871
2019-04-11,11.54,11.26,11.15,11.39,783,87374
2019-04-12,11.61,11.57,11.36,11.36,735,78268
2019-04-15,11.59,11.46,11.23,11.58,495,58455
2019-04-16,12.4,12.14,11.58,11.58,1157,150308
2019-04-17,12.54,12.48,12.18,12.28,901,135994
2019-04-18,12.65,12.36,12.19,12.36,864,98155
2019-04-22,12.39,12.27,12.1,12.24,588,56841
2019-04-23,12.38,12.13,12.09,12.22,1087,99349
2019-04-24,12.65,12.32,12.11,12.11,799,91507
2019-04-25,12.46,11.86,11.83,12.46,972,110042
2019-04-26,12.17,12.13,11.58,11.6,759,73294
2019-04-29,12.22,12.04,12.015,12.11,895,79365
2019-04-30,12.07,11.97,11.82,12.0,568,87337
2019-05-01,12.41,12.24,11.855,12.08,1488,258374
2019-05-02,12.73,12.57,12.24,12.24,1402,168545
2019-05-03,14.815,14.49,13.11,13.86,4546,575561
2019-05-06,14.59,14.45,13.5,14.01,2750,312202
2019-05-07,14.25,14.16,13.8,14.16,2413,258787
2019-05-08,14.44,13.93,13.87,14.1,1615,179794
2019-05-09,13.79,13.57,13.3,13.67,1716,137192
2019-05-10,14.075,13.88,13.53,13.65,2068,197577
2019-05-13,13.37,12.92,12.775,13.32,1685,159266
2019-05-14,13.69,13.67,13.12,13.13,1037,111903
2019-05-15,14.005,13.9,13.54,13.54,1300,151142
2019-05-16,13.9,13.66,13.62,13.65,1081,121418
2019-05-17,14.0,13.36,13.325,13.44,1726,162322
2019-05-20,13.165,12.78,12.57,13.06,1614,141195
2019-05-21,13.285,13.23,12.96,13.06,957,87553
2019-05-22,13.24,13.04,12.97,12.97,610,69006
2019-05-23,12.84,12.71,12.43,12.77,1413,162195
2019-05-24,12.96,12.6,12.59,12.86,767,68506
2019-05-28,12.76,12.57,12.43,12.66,710,75353
2019-05-29,12.65,12.56,12.25,12.39,841,70704
2019-05-30,13.0,12.79,12.58,12.58,825,78015
2019-05-31,12.93,12.75,12.39,12.58,859,89624
2019-06-03,13.07,12.72,12.63,12.86,1323,132864
2019-06-04,13.27,13.25,12.81,12.91,723,77140
2019-06-05,13.43,13.23,12.9,13.43,971,89450
2019-06-06,13.39,13.34,13.11,13.17,781,75435
2019-06-07,13.6,13.4,13.3,13.46,616,108198
2019-06-10,14.33,14.27,13.61,13.61,1564,157479
2019-06-11,14.51,13.67,13.635,14.5,1432,128468
2019-06-12,13.56,12.56,12.47,13.56,2001,228310
2019-06-13,13.28,13.27,12.64,12.64,989,126355
2019-06-14,13.13,12.86,12.73,12.97,931,106147
2019-06-17,13.14,12.88,12.82,12.87,865,100878
2019-06-18,13.6,13.56,13.08,13.08,739,79561
2019-06-19,13.84,13.7,13.37,13.66,724,55105
2019-06-20,14.06,13.53,13.46,14.05,761,80808
2019-06-21,13.41,12.79,12.75,13.41,1194,225463
2019-06-24,12.79,12.51,12.49,12.79,1225,118593
2019-06-25,12.87,12.6,12.5,12.51,866,82189
2019-06-26,13.3,13.06,12.76,12.76,884,93832
2019-06-27,13.61,13.6,13.15,13.15,1634,184079
2019-06-28,13.96,13.92,13.54,13.74,1449,234200
2019-07-01,14.42,14.19,13.97,14.3,1554,155773
2019-07-02,14.18,14.04,13.8,14.18,1043,107139
2019-07-03,14.21,14.1,13.875,14.01,525,75464
2019-07-05,14.1,13.9,13.62,14.06,968,99103
2019-07-08,13.87,13.78,13.6,13.83,753,112388
2019-07-09,13.9,13.55,13.44,13.67,1052,92313
2019-07-10,13.97,13.78,13.69,13.7,982,102441
2019-07-11,13.92,13.52,13.4,13.83,739,68254
2019-07-12,14.17,14.05,13.54,13.55,795,93720
2019-07-15,14.2,13.97,13.86,14.19,607,62117
2019-07-16,13.96,13.57,13.435,13.96,1218,115942
2019-07-17,13.85,13.68,13.47,13.74,1349,132308
2019-07-18,14.055,14.04,13.66,13.66,1125,121339
2019-07-19,14.1,13.88,13.83,14.0,817,116751
2019-07-22,14.86,14.2,13.8,13.92,2006,237444
2019-07-23,14.55,14.5,14.2,14.32,1585,182251
2019-07-24,15.905,15.9,14.53,14.53,2777,320133
2019-07-25,15.94,15.09,15.035,15.9,1809,206270
2019-07-26,15.3,15.17,14.95,15.09,1524,174941
2019-07-29,15.17,15.03,14.675,15.17,1107,116955
2019-07-30,15.21,14.97,14.75,14.78,1343,150325
2019-07-31,14.98,14.59,14.31,14.96,1598,179038
2019-08-01,15.52,14.23,14.145,15.49,2011,248664
2019-08-02,14.33,14.23,13.85,14.05,1220,126464
2019-08-05,13.85,13.39,13.17,13.79,2515,196279
2019-08-06,13.8,13.16,12.79,13.51,1452,187416
2019-08-07,13.31,13.26,12.84,13.0,1108,95178
2019-08-08,13.79,13.56,13.25,13.32,1049,106166
2019-08-09,13.47,12.88,12.79,13.44,1161,158453
2019-08-12,12.98,12.79,12.66,12.81,686,77391
2019-08-13,13.27,12.95,12.64,12.68,586,56754
2019-08-14,12.61,12.27,12.14,12.61,968,106843
2019-08-15,12.41,12.2,12.12,12.35,780,86841
2019-08-16,12.57,12.52,12.205,12.23,807,103365
2019-08-19,12.98,12.59,12.54,12.93,854,73162
2019-08-20,12.58,12.19,12.18,12.58,586,74066
2019-08-21,12.35,12.18,12.13,12.35,561,77736
2019-08-22,12.3,12.07,11.835,12.3,624,77312
2019-08-23,12.1,11.72,11.69,11.85,1433,133291
2019-08-26,11.93,11.72,11.65,11.88,676,89851
2019-08-27,11.77,11.4,11.24,11.76,893,94226
2019-08-28,11.7,11.5,11.23,11.33,645,84627
2019-08-29,12.0,11.89,11.74,11.74,640,60052
2019-08-30,12.11,11.94,11.87,12.06,615,49217
2019-09-03,12.03,11.9,11.71,11.79,1444,136941
2019-09-04,12.66,12.55,12.18,12.18,1196,157367
2019-09-05,13.56,13.04,12.94,12.95,1547,142645
2019-09-06,13.29,13.24,13.0,13.08,1188,128458
2019-09-09,13.9,13.73,13.28,13.28,1117,142238
2019-09-10,14.29,14.28,13.5,13.75,1401,124977
2019-09-11,15.13,15.13,14.26,14.33,1928,171302
2019-09-12,15.63,15.41,15.13,15.21,1372,189116
2019-09-13,16.19,15.99,15.2,15.46,2223,177168
2019-09-16,16.67,16.42,15.75,15.84,1633,165754
2019-09-17,16.56,16.29,16.14,16.37,1201,127821
2019-09-18,16.44,16.22,15.95,16.08,1156,123579
2019-09-19,16.33,16.02,15.78,16.23,778,84909
2019-09-20,16.2,16.08,15.65,16.05,1068,266017
2019-09-23,16.39,16.22,16.0,16.1,801,81518
2019-09-24,16.58,16.05,15.95,16.36,1603,158975
2019-09-25,15.4,15.25,14.2,14.44,2014,228301
2019-09-26,15.78,15.22,15.17,15.17,1934,176139
2019-09-27,15.44,14.49,14.11,15.18,1980,183360
2019-09-30,14.79,14.635,14.33,14.51,1824,344061
2019-10-01,15.22,14.21,14.21,14.76,2011,119392
2019-10-02,14.44,14.395,14.15,14.15,1729,131016
2019-10-03,14.57,14.47,14.14,14.32,1125,97341
2019-10-04,14.76,14.735,14.48,14.5,870,80216
2019-10-07,14.84,14.47,14.46,14.61,1322,138370
2019-10-08,14.4,14.18,13.95,14.29,1115,78069
2019-10-09,14.765,14.64,14.34,14.39,906,59997
2019-10-10,15.11,15.03,14.64,14.69,1017,86502
2019-10-11,15.775,15.37,15.33,15.33,1087,82254
2019-10-14,15.37,14.35,14.12,15.32,1752,175979
2019-10-15,15.68,15.675,14.36,14.36,2210,278967
2019-10-16,15.955,15.665,15.47,15.59,2036,184685
2019-10-17,16.35,15.99,15.87,15.91,844,109644
2019-10-18,16.02,15.69,15.5,15.91,622,60391
2019-10-21,16.22,16.06,15.87,15.87,725,55064
2019-10-22,16.025,15.7,15.6,15.99,714,66088
2019-10-23,15.65,15.35,15.28,15.49,970,94296
2019-10-24,17.54,17.44,16.25,16.29,1798,204098
2019-10-25,18.19,18.08,17.24,17.31,1400,154405
2019-10-28,18.66,18.41,18.06,18.06,1788,193684
2019-10-29,18.5,18.01,17.84,18.44,1198,114260
2019-10-30,18.14,18.1,17.45,18.01,1783,173519
2019-10-31,21.45,21.37,19.47,19.49,5828,665746
2019-11-01,22.81,22.13,21.01,21.54,4297,441878
2019-11-04,23.08,22.66,21.71,22.16,3490,338005
2019-11-05,23.09,22.97,22.22,22.6,1821,156273
2019-11-06,23.25,22.87,22.27,22.71,1752,158273
2019-11-07,23.8,23.31,23.175,23.29,1595,179693
2019-11-08,23.2,22.98,22.7,23.15,1460,105962
2019-11-11,23.12,22.8,22.45,22.88,1347,128063
2019-11-12,23.23,22.54,22.4,22.77,2070,172351
2019-11-13,22.945,22.65,22.13,22.36,1294,106252
2019-11-14,22.84,22.625,22.18,22.42,1220,118522
2019-11-15,23.26,22.635,22.55,22.92,1244,146128
2019-11-18,22.67,22.345,21.61,21.78,1725,154118
2019-11-19,22.71,22.28,22.26,22.5,1818,149304
2019-11-20,22.35,21.7,21.58,22.02,1688,188720
2019-11-21,21.64,20.965,20.56,21.64,1910,176790
2019-11-22,21.05,20.78,20.54,21.04,1465,110544
2019-11-25,21.66,21.43,20.89,20.89,2290,216761
2019-11-26,21.8,21.37,21.24,21.46,1574,169523
2019-11-27,22.59,22.45,21.42,21.42,1777,168893
2019-11-29,22.65,22.24,22.165,22.56,914,88002
2019-12-02,22.3,21.345,21.13,22.3,1944,168855
2019-12-03,21.75,21.63,20.75,20.76,3510,514893
2019-12-04,22.185,22.055,21.38,21.81,1822,157843
2019-12-05,22.55,22.15,21.94,22.31,1766,144238
2019-12-06,22.75,22.05,22.01,22.47,1804,193580
2019-12-09,22.24,21.78,21.77,22.02,1477,104016
2019-12-10,22.57,22.53,21.84,21.88,1760,237710
2019-12-11,23.05,22.59,22.51,22.58,1581,178546
2019-12-12,23.74,23.69,22.29,22.55,2331,228998
2019-12-13,24.0,22.8,22.64,23.65,1703,180516
2019-12-16,23.56,22.995,22.94,23.15,2457,190275
2019-12-17,23.31,23.04,22.5,23.31,1539,124014
2019-12-18,23.06,22.95,22.62,23.05,1250,97490
2019-12-19,23.35,23.34,22.46,23.04,1295,113455
2019-12-20,23.68,23.62,22.88,23.41,2437,1149159
2019-12-23,23.95,23.9,23.3,23.8,2160,158111
2019-12-24,24.05,23.94,23.65,24.05,857,77863
2019-12-26,24.19,23.92,23.7,24.1,1411,170177
2019-12-27,23.97,23.4,23.3,23.97,1141,105873
2019-12-30,23.67,23.56,22.53,23.4,1755,132324
2019-12-31,23.79,23.47,23.31,23.4,1138,155118
2020-01-02,24.0,23.11,22.93,23.88,2527,207080
2020-01-03,23.44,23.24,22.7,22.99,2907,281586
2020-01-06,23.0,21.82,21.54,22.95,2321,255698
2020-01-07,22.56,22.48,21.95,21.99,1665,167463
2020-01-08,22.58,22.32,22.21,22.42,1849,169954
2020-01-09,22.97,22.31,22.18,22.55,1562,130453
2020-01-10,22.44,21.69,21.58,22.31,1147,102954
2020-01-13,22.31,22.2,21.81,21.89,1030,95501
2020-01-14,25.52,25.42,23.15,23.15,3885,375430
2020-01-15,25.42,24.31,23.76,25.24,3187,299525
2020-01-16,25.81,25.1,24.55,24.6,2290,204611
2020-01-17,25.4,25.0,24.39,25.32,2043,185440
2020-01-21,25.76,25.31,24.89,25.06,1598,158068
2020-01-22,25.54,24.975,24.95,25.51,1133,124804
2020-01-23,25.34,25.33,24.63,24.99,1373,131730
2020-01-24,25.69,24.395,23.97,25.69,1949,181454
2020-01-27,23.9,23.39,23.2,23.5,1521,153317
2020-01-28,24.41,24.26,23.45,23.73,1638,115221
2020-01-29,24.51,23.47,23.33,24.26,2450,187856
2020-01-30,24.5,24.0,23.39,23.68,1564,168261
2020-01-31,23.7,23.01,22.78,23.7,2120,166675
2020-02-03,23.57,23.22,23.09,23.09,1274,118731
2020-02-04,24.49,24.43,23.64,23.82,1582,115773
2020-02-05,25.14,25.13,24.12,24.93,1367,106715
2020-02-06,25.23,24.69,24.41,25.17,1139,172345
2020-02-07,24.42,23.62,23.41,24.42,1352,106062
2020-02-10,24.42,24.42,23.18,23.47,953,80787
2020-02-11,25.45,25.13,24.38,24.58,1419,81456
2020-02-12,26.02,26.02,25.19,25.4,1279,118516
2020-02-13,26.46,26.2,25.64,25.9,1431,116379
2020-02-14,26.65,25.31,25.18,26.51,1684,131668
2020-02-18,26.03,25.21,24.97,24.97,1552,158218
2020-02-19,26.52,26.225,25.415,25.57,2079,214247
2020-02-20,30.0,26.085,24.6,28.01,3270,452898
2020-02-21,25.98,23.75,23.42,25.98,3388,290763
2020-02-24,22.72,21.84,21.41,22.23,2942,236589
2020-02-25,22.0,20.27,20.13,21.96,3542,318496
2020-02-26,21.27,20.37,20.08,20.53,2479,186781
2020-02-27,20.55,19.95,18.72,19.27,3630,283872
2020-02-28,21.04,20.91,18.77,18.77,3151,301849
2020-03-02,21.55,21.42,19.87,21.0,3225,333080
2020-03-03,21.83,20.77,20.54,21.63,3040,295592
2020-03-04,22.14,22.09,20.92,21.25,1934,137474
2020-03-05,22.05,21.17,20.9,21.54,2610,208211
2020-03-06,20.71,20.28,19.54,20.21,2900,207273
2020-03-09,18.87,17.72,17.63,18.84,2054,168567
2020-03-10,18.39,18.26,17.09,18.39,2602,186901
2020-03-11,18.045,16.91,16.6,17.64,1881,159475
2020-03-12,17.29,15.84,15.18,15.33,5618,420302
2020-03-13,17.18,17.03,15.26,16.9,3552,293266
2020-03-16,15.75,14.41,14.2,15.1,2271,222452
2020-03-17,16.29,16.0,13.76,14.84,2780,257527
2020-03-18,15.08,14.02,13.5,14.74,3452,267299
2020-03-19,14.9,13.72,12.58,13.89,4389,410392
2020-03-20,14.96,12.44,12.4,14.16,3397,400313
2020-03-23,13.91,13.37,11.89,12.4,3036,276876
2020-03-24,14.99,14.52,13.84,14.34,3977,384681
2020-03-25,16.59,15.95,13.73,14.83,3629,395300
2020-03-26,17.77,16.95,16.24,16.24,2891,272770
2020-03-27,16.25,15.25,15.25,16.25,2368,200075
2020-03-30,15.68,14.66,14.51,15.39,2309,205793
2020-03-31,14.77,13.8,13.53,14.77,3058,401183
2020-04-01,13.8,13.26,12.94,13.12,3076,232014
2020-04-02,13.47,12.94,12.67,13.08,2778,205367
2020-04-03,13.26,12.71,12.38,12.92,1796,243270
2020-04-06,15.12,14.92,13.46,13.46,2297,226972
2020-04-07,16.26,15.64,14.99,15.73,2327,287588
2020-04-08,17.0,16.92,15.8,16.04,1837,145883
2020-04-09,17.83,16.76,16.63,17.57,2093,203081
2020-04-13,16.69,15.9,15.2,16.65,3094,236909
2020-04-14,17.28,17.05,16.42,16.42,2010,158784
2020-04-15,16.65,16.42,15.85,16.44,1817,142051
2020-04-16,16.94,16.01,15.76,16.9,1569,168590
2020-04-17,16.91,16.8,16.11,16.57,2284,198731
2020-04-20,16.69,15.28,15.04,16.39,2438,231644
2020-04-21,15.43,15.05,14.74,15.0,2192,163744
2020-04-22,16.3,16.12,15.2,15.6,2066,207053
2020-04-23,16.08,15.27,15.17,16.02,3375,286205
2020-04-24,15.87,15.83,14.81,15.39,2412,225065
2020-04-27,16.65,16.17,15.87,15.96,2506,221045
2020-04-28,17.22,16.91,16.5,16.7,2037,186390
2020-04-29,19.0,18.85,16.89,16.89,2949,290765
2020-04-30,21.62,18.39,18.27,21.21,6052,536862
2020-05-01,17.8,16.22,16.07,17.5,3893,392875
2020-05-04,17.35,17.18,16.0,16.01,3314,273874
2020-05-05,18.0,16.89,16.84,17.47,3316,275250
2020-05-06,17.48,16.91,16.87,17.06,1431,107158
2020-05-07,18.07,17.84,17.085,17.22,1712,156059
2020-05-08,18.67,18.59,18.1,18.21,1301,121638
2020-05-11,18.78,18.34,18.27,18.44,1557,174582
2020-05-12,18.57,18.19,17.97,18.5,2203,189816
2020-05-13,18.48,17.44,16.99,18.12,2016,159913
2020-05-14,18.6,18.59,16.99,17.12,2681,227119
2020-05-15,18.74,18.455,17.9,18.09,1817,248810
2020-05-18,19.4,19.25,18.61,19.0,2448,194522
2020-05-19,20.22,19.63,19.17,19.17,1897,155447
2020-05-20,20.27,19.76,19.57,20.18,1790,143569
2020-05-21,19.89,19.76,19.34,19.71,1504,174374
2020-05-22,21.09,20.09,20.0,21.09,2238,203813
2020-05-26,21.39,20.85,20.58,20.88,2225,224002
2020-05-27,21.23,21.05,19.94,21.21,1945,158270
2020-05-28,21.32,20.42,20.22,21.24,1911,159584
2020-05-29,20.83,20.73,20.06,20.13,1782,190215
2020-06-01,21.165,20.63,20.41,20.66,1729,175523
2020-06-02,21.0,20.14,20.015,20.85,3107,274328
2020-06-03,22.01,21.68,20.49,20.6,2635,299955
2020-06-04,23.17,23.12,21.68,21.72,2417,201876
2020-06-05,24.86,24.215,23.63,23.7,2633,247756
2020-06-08,24.8,23.81,23.63,24.8,2307,199589
2020-06-09,24.82,24.57,22.82,23.25,2585,225695
2020-06-10,24.44,22.77,22.73,24.44,3181,296718
2020-06-11,21.84,20.0,20.0,21.7,3195,316458
2020-06-12,21.51,20.74,20.17,21.02,3299,280862
2020-06-15,21.38,21.25,19.91,19.91,1952,197462
2020-06-16,22.62,22.55,21.7,22.14,2353,220177
2020-06-17,23.13,22.56,22.38,22.71,2164,202604
2020-06-18,22.67,22.34,22.23,22.34,1476,105880
2020-06-19,22.85,22.15,21.94,22.65,2212,330863
2020-06-22,22.3,22.16,21.53,22.01,1372,101809
2020-06-23,22.59,22.445,22.06,22.59,2002,210719
2020-06-24,22.3,22.01,21.72,22.3,1905,129778
2020-06-25,22.59,22.59,21.47,21.95,1466,145684
2020-06-26,22.49,21.88,21.74,22.38,1716,358668
2020-06-29,22.26,21.94,21.62,22.12,1683,132688
2020-06-30,23.18,22.63,21.29,22.05,2617,222919
2020-07-01,22.91,22.67,22.2,22.56,1776,127056
2020-07-02,23.63,23.2,22.92,23.06,1342,93888
2020-07-06,23.93,23.67,23.47,23.66,1542,86478
2020-07-07,23.74,22.91,22.865,23.45,1280,95343
2020-07-08,23.29,23.14,22.69,22.98,1053,104724
2020-07-09,23.9,23.79,23.09,23.38,2281,190246
2020-07-10,23.88,23.58,23.35,23.88,1261,95375
2020-07-13,24.39,22.84,22.8,23.89,2510,193258
2020-07-14,23.63,23.61,22.38,22.51,1431,110175
2020-07-15,23.94,23.36,23.17,23.94,2023,179796
2020-07-16,23.6,23.58,22.9,22.95,1454,112711
2020-07-17,23.9,23.62,23.35,23.54,1567,116340
2020-07-20,24.09,24.03,23.54,23.66,938,61955
2020-07-21,24.77,23.76,23.63,24.77,1704,147189
2020-07-22,24.16,24.11,23.55,23.7,941,74996
2020-07-23,24.67,24.19,23.83,24.01,1690,137742
2020-07-24,23.84,23.07,22.91,23.84,1561,113736
2020-07-27,24.59,24.59,23.31,23.31,2018,143628
2020-07-28,24.35,23.9,23.66,24.26,2084,147498
2020-07-29,25.12,24.82,24.0,24.0,3159,246874
2020-07-30,30.95,30.81,27.12,27.38,8239,680794
2020-07-31,31.09,30.09,29.87,30.79,4090,347966
2020-08-03,30.8,30.18,29.55,30.0,3398,257744
2020-08-04,30.27,29.2,28.89,29.76,2037,170107
2020-08-05,29.51,29.13,28.62,29.32,1631,115294
2020-08-06,29.22,28.63,28.07,28.75,2011,179977
2020-08-07,29.63,28.26,27.86,28.5,2267,190227
2020-08-10,28.46,27.73,27.54,28.41,1966,155393
2020-08-11,28.11,27.24,27.12,27.75,2149,155596
2020-08-12,28.37,28.205,27.24,27.35,1366,176346
2020-08-13,28.38,27.96,27.71,28.13,1014,93352
2020-08-14,29.03,28.96,27.9,27.92,2458,207157
2020-08-17,30.83,29.85,29.27,29.29,3404,269615
2020-08-18,29.92,28.46,28.18,29.92,2031,142164
2020-08-19,28.54,27.04,26.82,28.34,2249,208253
2020-08-20,26.98,26.23,26.14,26.74,1691,142444
2020-08-21,26.23,25.5,25.3,26.05,2150,182086
2020-08-24,26.0,25.46,25.08,25.88,1664,121683
2020-08-25,26.02,25.845,25.43,25.43,1697,149350
2020-08-26,25.89,25.69,25.32,25.82,1440,102166
2020-08-27,25.81,24.01,23.72,25.67,2339,197574
2020-08-28,25.91,25.88,24.17,24.17,4594,392964
2020-08-31,26.07,24.52,24.52,26.01,2506,245690
2020-09-01,25.15,24.8,24.5,24.72,1361,129761
2020-09-02,25.56,25.315,24.67,24.92,2123,156567
2020-09-03,24.93,23.68,23.23,24.9,4078,291205
2020-09-04,23.76,22.77,21.72,23.62,3475,234002
2020-09-08,21.83,20.22,20.22,21.66,4662,368721
2020-09-09,20.66,19.33,19.15,20.66,3956,304237
2020-09-10,20.29,19.58,19.41,20.02,4556,364163
2020-09-11,20.37,19.22,19.09,19.85,2897,247540
2020-09-14,20.04,19.93,19.2,19.8,2597,262644
2020-09-15,20.41,19.59,19.36,20.1,2980,258947
2020-09-16,21.09,20.31,19.53,19.74,4552,452879
2020-09-17,20.6,20.47,19.74,20.31,1944,191173
2020-09-18,20.74,20.36,20.0,20.56,2123,511754
2020-09-21,21.69,21.56,20.3,20.56,4081,318683
2020-09-22,21.81,21.36,20.9,21.77,2667,192014
2020-09-23,21.63,20.85,20.8,21.13,2838,226288
2020-09-24,21.44,21.06,20.42,20.62,2606,187449
2020-09-25,21.2,20.85,20.57,21.01,1650,151425
2020-09-28,21.96,21.65,21.06,21.06,2089,167385
2020-09-29,22.35,22.15,21.63,21.63,2196,173587
2020-09-30,22.46,21.46,21.36,22.14,2302,258732
2020-10-01,22.64,22.43,21.77,21.77,2694,150300
2020-10-02,22.25,21.82,21.41,21.74,1729,117785
2020-10-05,22.77,22.77,22.16,22.16,896,76140
2020-10-06,23.67,22.84,22.69,22.69,2249,163863
2020-10-07,23.45,22.95,22.74,23.13,1851,206963
2020-10-08,23.59,23.56,23.1,23.4,1598,130819
2020-10-09,24.6,24.34,23.8,23.8,1263,114748
2020-10-12,24.78,24.7,24.39,24.63,1153,107986
2020-10-13,25.18,24.86,24.71,24.76,1203,99939
2020-10-14,25.35,24.43,24.22,24.87,1376,75794
2020-10-15,24.49,24.37,23.29,23.93,1225,86939
2020-10-16,24.95,23.98,23.86,24.85,1313,119756
2020-10-19,24.61,24.08,23.94,24.16,1156,73388
2020-10-20,24.4,23.8,23.7,24.15,911,73628
2020-10-21,24.12,23.47,23.47,23.77,775,51553
2020-10-22,23.78,23.71,22.91,23.62,1054,79988
2020-10-23,23.8,23.58,23.26,23.6,1187,112594
2020-10-26,23.65,23.0,22.43,23.2,1246,108125
2020-10-27,23.08,22.3,22.26,22.88,1030,100330
2020-10-28,22.17,21.64,21.27,21.73,2301,170882
2020-10-29,23.06,21.98,21.33,22.81,3053,299362
2020-10-30,22.47,21.29,21.09,21.7,2019,197604
2020-11-02,21.93,21.93,21.27,21.48,1624,112454
2020-11-03,23.085,22.97,22.09,22.09,1861,118546
2020-11-04,24.45,24.15,22.98,23.3,1510,137967
2020-11-05,25.44,25.4,24.72,24.76,1305,108311
2020-11-06,25.69,25.43,24.86,25.39,1064,93649
2020-11-09,27.16,26.16,25.98,26.48,1825,144230
2020-11-10,26.39,25.7,25.33,26.11,1613,130258
2020-11-11,26.96,26.71,26.17,26.21,1624,100272
2020-11-12,26.73,26.0,25.83,26.69,1201,108119
2020-11-13,27.1,26.63,26.12,26.12,1007,83251
2020-11-16,27.49,27.38,26.82,27.08,1796,124313
2020-11-17,27.88,27.79,26.95,27.32,1340,94457
2020-11-18,28.4,27.74,27.71,27.79,1342,135132
2020-11-19,28.29,28.23,27.74,27.88,1001,99955
2020-11-20,28.93,28.71,27.99,27.99,1280,115366
2020-11-23,30.15,30.12,29.0,29.0,1884,168604
2020-11-24,30.97,30.4,29.52,30.32,1461,126600
2020-11-25,30.75,30.31,29.79,30.27,1008,97587
2020-11-27,31.35,30.85,30.57,30.74,1236,100930
2020-11-30,31.83,31.64,30.59,31.02,2209,195169
2020-12-01,33.33,33.25,31.72,32.0,2314,254001
2020-12-02,35.065,33.4,33.24,33.56,2936,287567
2020-12-03,34.9,34.19,33.18,33.66,1758,150061
2020-12-04,36.26,35.575,34.4,34.4,2857,247954
2020-12-07,36.43,35.94,35.45,35.93,1925,151930
2020-12-08,36.5,36.36,35.61,35.99,1879,154384
2020-12-09,37.0,34.39,34.17,36.36,2643,252290
2020-12-10,34.75,34.48,33.59,33.93,1734,136556
2020-12-11,34.89,34.17,33.78,34.08,1428,102431
2020-12-14,34.78,34.12,33.79,34.56,1639,186146
2020-12-15,34.72,33.8,33.36,34.72,2395,222425
2020-12-16,34.15,32.8,31.98,34.04,2222,181039
2020-12-17,33.4,33.01,32.4,33.09,1864,152953
2020-12-18,33.97,32.79,32.7,33.17,2110,448912
2020-12-21,33.31,32.68,32.02,32.02,1442,124129
2020-12-22,33.07,32.03,31.95,32.84,1783,121637
2020-12-23,32.03,31.18,31.05,32.03,1362,104298
2020-12-24,31.89,31.65,31.25,31.48,436,42647
2020-12-28,32.47,31.22,31.16,32.0,1286,109467
2020-12-29,31.25,30.05,29.92,31.18,1609,121759
2020-12-30,31.86,31.51,30.4,30.45,1670,149643
2020-12-31,31.9,31.15,30.79,31.41,1556,153093
2021-01-04,33.93,33.82,31.59,31.87,3323,258184
2021-01-05,35.83,35.33,33.85,33.85,2294,217367
2021-01-06,37.78,36.7,35.52,35.52,2853,251609
2021-01-07,38.0,37.39,36.88,37.1,1938,140878
2021-01-08,38.0,36.24,35.67,38.0,1918,168387
2021-01-11,37.82,37.6,35.26,35.77,2112,155002
2021-01-12,39.33,38.8,38.09,38.09,1744,148772
2021-01-13,39.0,37.83,37.23,38.74,1256,106492
2021-01-14,40.07,39.81,38.61,38.61,2052,173955
2021-01-15,40.85,40.03,38.82,39.37,2065,205620
2021-01-19,42.95,42.87,40.79,41.01,1711,142554
2021-01-20,43.76,43.17,41.7,43.52,2019,171347
2021-01-21,43.66,43.42,42.18,43.43,1664,156890
2021-01-22,43.87,43.36,42.11,43.2,1641,120504
2021-01-25,44.35,42.73,42.23,43.26,2169,117327
2021-01-26,42.99,40.43,40.24,42.99,1923,119680
2021-01-27,39.25,37.49,37.34,38.85,2401,189452
2021-01-28,38.75,37.83,36.58,38.64,2083,144741
2021-01-29,40.59,38.6,38.19,39.67,2817,297768
2021-02-01,40.19,40.15,38.5,40.0,2152,175432
2021-02-02,41.75,41.52,40.17,40.59,1533,116000
2021-02-03,41.74,41.25,40.55,41.48,1553,142021
2021-02-04,43.59,43.52,41.35,41.36,1976,121021
2021-02-05,44.57,44.22,43.27,43.88,2164,137567
2021-02-08,46.97,46.72,44.85,44.85,2476,141703
2021-02-09,47.66,47.17,45.75,46.71,2159,145409
2021-02-10,47.83,45.28,45.07,47.53,2069,147567
2021-02-11,47.79,47.36,45.7,45.7,2450,214780
2021-02-12,49.14,48.15,46.44,47.15,2241,166964
2021-02-16,51.39,51.32,48.2,48.82,2590,200188
2021-02-17,51.73,50.69,47.45,50.75,2474,173035
2021-02-18,49.5,48.42,45.69,47.29,4140,295273
2021-02-19,51.93,50.86,49.76,49.76,3011,212364
2021-02-22,50.87,48.37,47.85,50.44,2426,154483
2021-02-23,46.92,46.59,44.02,46.3,3943,282004
2021-02-24,49.52,49.2,45.97,46.81,2538,182099
2021-02-25,49.0,44.75,44.39,48.33,2408,173640
2021-02-26,47.72,46.38,44.445,45.62,2300,201162
2021-03-01,50.72,50.69,47.34,47.34,2485,180038
2021-03-02,51.25,48.29,48.29,51.25,3538,237655
2021-03-03,49.5,47.15,46.29,48.76,1950,143266
2021-03-04,47.27,43.64,43.13,46.87,3393,225762
2021-03-05,45.88,45.75,41.01,44.75,4097,279284
2021-03-08,46.57,42.47,42.36,46.08,2404,143189
2021-03-09,47.25,47.09,44.34,44.34,2743,179455
2021-03-10,49.21,47.33,47.1,47.88,2055,147727
2021-03-11,51.11,50.85,48.75,48.75,2048,140754
2021-03-12,51.08,50.88,49.01,49.61,1930,152548
2021-03-15,55.63,55.54,50.8,51.25,3501,264714
2021-03-16,59.4,56.55,55.65,56.7,4554,337765
2021-03-17,57.09,56.92,52.55,54.64,2864,241207
2021-03-18,56.5,52.47,52.38,56.5,2624,150829
2021-03-19,54.33,52.73,51.5,53.13,2861,453080
2021-03-22,55.84,55.09,53.29,54.04,2733,146410
2021-03-23,54.6,51.3,50.9,54.55,2785,169749
2021-03-24,56.36,52.84,52.81,53.36,3920,266073
2021-03-25,52.35,51.96,48.69,51.5,2551,181543
2021-03-26,57.0,56.95,52.41,52.73,2394,184607
2021-03-29,58.1,53.95,53.17,56.95,2870,204221
2021-03-30,55.67,55.44,53.4,53.59,1847,107303
2021-03-31,58.66,58.04,55.89,55.89,3003,399882
2021-04-01,63.88,63.64,60.29,60.29,4086,297555
2021-04-05,65.31,65.01,62.8,64.0,4127,322677
2021-04-06,60.95,58.205,56.31,60.15,8655,659836
2021-04-07,58.2,56.92,55.87,58.2,5046,336981
2021-04-08,59.09,56.84,56.6,58.17,3874,345986
2021-04-09,55.45,55.05,53.56,54.0,9690,1153756
2021-04-12,55.7,55.16,54.18,55.49,7301,1164666
2021-04-13,56.13,54.49,53.76,55.75,3867,372699
2021-04-14,55.87,55.11,54.71,54.72,3902,304998
2021-04-15,56.12,54.78,53.89,55.95,2514,273785
2021-04-16,54.61,53.73,53.21,54.59,2513,206799
2021-04-19,53.25,51.66,49.71,53.12,4330,347637
2021-04-20,51.9,50.44,49.55,51.69,2942,223883
2021-04-21,52.93,52.85,49.93,50.54,3168,216712
2021-04-22,53.5,52.18,51.38,53.16,3508,203750
2021-04-23,54.63,54.11,52.53,52.83,2686,230581
2021-04-26,56.44,55.99,53.88,53.88,3087,261785
2021-04-27,56.37,55.43,54.8,56.37,2265,148430
2021-04-28,55.34,54.69,54.19,55.05,2323,170042
2021-04-29,56.0,52.73,52.17,55.94,2823,236999
2021-04-30,53.01,51.07,50.59,51.94,3605,233935
2021-05-03,52.07,50.32,50.04,51.54,3083,285188
2021-05-04,49.78,48.05,46.85,49.67,4956,305787
2021-05-05,49.24,48.29,47.28,47.85,3179,216334
2021-05-06,48.14,48.07,46.45,48.14,4132,253216
2021-05-07,50.3,50.14,48.42,48.94,3593,266090
2021-05-10,50.22,47.33,47.06,50.15,2894,244601
2021-05-11,48.13,47.95,44.19,44.93,2944,208861
2021-05-12,48.2,45.3,44.79,47.88,6153,530601
2021-05-13,48.68,47.37,46.04,46.7,2898,266225
2021-05-14,49.16,48.71,47.08,48.5,1542,137096
2021-05-17,48.48,48.48,46.5,48.23,1979,125130
2021-05-18,49.42,48.0,48.0,49.07,1995,110958
2021-05-19,49.96,49.91,46.51,46.56,2631,148896
2021-05-20,52.5,52.17,49.83,50.12,2198,187381
2021-05-21,52.71,51.34,50.77,52.71,2429,213698
2021-05-24,53.73,53.17,51.5,52.2,2033,142000
2021-05-25,54.28,53.29,52.94,53.79,2237,164156
2021-05-26,54.5,54.07,53.0,53.42,1547,103336
2021-05-27,56.49,55.86,53.85,54.19,2002,131078
2021-05-28,57.05,56.33,55.01,55.87,2207,199090
2021-06-01,58.24,57.5,55.87,57.36,2549,222034
2021-06-02,57.84,56.5,56.11,57.84,1846,229840
2021-06-03,56.2,55.67,54.38,55.96,1876,169679
2021-06-04,57.85,57.7,56.32,56.32,2001,159085
2021-06-07,57.94,57.61,57.03,57.71,1526,105256
2021-06-08,59.13,56.13,55.52,58.32,2424,175609
2021-06-09,56.55,55.63,55.35,56.28,1643,121629
2021-06-10,56.87,56.59,55.8,55.8,1266,94452
2021-06-11,57.42,57.42,56.38,56.88,1623,77993
2021-06-14,58.79,57.87,57.28,57.74,2243,124158
2021-06-15,58.33,56.42,55.92,57.35,1808,134726
2021-06-16,56.95,56.21,55.5,56.7,2031,88835
2021-06-17,56.68,54.64,53.71,56.22,2732,163107
2021-06-18,54.1,49.88,49.29,53.44,5328,471451
2021-06-21,50.8,49.71,49.3,49.97,2862,234120
2021-06-22,51.7,51.51,49.41,50.02,2503,141799
2021-06-23,52.5,51.98,51.5,51.65,1616,102777
2021-06-24,54.1,54.08,52.65,52.84,1761,113847
2021-06-25,54.72,52.88,52.26,54.39,2885,500772
2021-06-28,55.33,54.53,53.31,53.31,2655,165747
2021-06-29,54.58,53.92,53.64,54.26,2033,120551
2021-06-30,54.01,53.72,52.66,53.51,2237,299128
2021-07-01,54.24,52.7,52.42,53.71,1286,121453
2021-07-02,53.52,51.19,51.16,53.52,1837,186134
2021-07-06,52.2,51.45,50.07,51.82,1878,150577
2021-07-07,52.15,51.32,50.58,51.93,2410,170570
2021-07-08,50.9,49.38,48.43,49.41,3356,243420
2021-07-09,51.93,51.74,49.03,50.01,2304,223763
2021-07-12,52.7,52.56,51.7,51.85,1572,109047
2021-07-13,52.62,51.07,50.61,52.02,2108,143436
2021-07-14,52.92,50.27,50.22,51.67,1912,157200
2021-07-15,50.38,48.35,47.81,49.89,2262,163476
2021-07-16,48.99,45.81,45.63,48.76,2465,181094
2021-07-19,47.44,46.69,44.2,45.22,3965,292452
2021-07-20,50.52,49.87,46.21,46.86,3447,276341
2021-07-21,52.53,52.47,50.17,50.17,2187,156683
2021-07-22,52.425,51.41,50.725,51.92,1580,102973
2021-07-23,52.04,51.88,50.47,51.78,1538,193337
2021-07-26,53.09,51.14,50.38,51.96,2323,131123
2021-07-27,50.23,49.81,47.85,50.23,2328,123782
2021-07-28,52.29,51.81,50.16,50.22,1142,97864
2021-07-29,53.4,53.15,50.87,51.46,3327,228608
2021-07-30,54.6,54.01,52.56,52.75,2367,165976
2021-08-02,56.22,54.13,54.01,55.09,3693,281682
2021-08-03,51.74,46.43,46.32,51.74,9537,777422
2021-08-04,47.45,46.81,45.605,46.84,4953,393025
2021-08-05,48.27,47.74,46.88,47.22,3791,226320
2021-08-06,48.0,47.6,46.96,47.91,2506,290339
2021-08-09,48.26,47.38,46.88,47.6,1913,175972
2021-08-10,47.71,46.89,46.27,47.56,2684,195642
2021-08-11,47.18,46.68,45.23,47.05,3336,167826
2021-08-12,46.21,43.46,43.44,46.21,3754,286734
2021-08-13,44.12,43.03,42.92,43.68,1976,138829
2021-08-16,43.63,42.22,42.09,42.51,2481,196881
2021-08-17,42.0,41.16,40.41,41.54,2846,205092
2021-08-18,42.26,40.57,40.48,41.37,1798,110042
2021-08-19,40.41,39.72,39.6,39.91,2658,235254
2021-08-20,40.57,40.46,39.07,39.82,2551,195483
2021-08-23,42.2,41.22,40.4,41.19,2934,247246
2021-08-24,42.74,42.64,41.64,41.65,2047,127537
2021-08-25,44.36,43.84,42.51,42.58,2501,148082
2021-08-26,44.52,43.55,43.23,43.61,2155,121851
2021-08-27,46.43,46.12,43.47,43.47,2863,228541
2021-08-30,47.5,47.33,46.16,46.84,2637,186613
2021-08-31,47.19,46.24,45.62,47.19,2352,281351
2021-09-01,46.63,45.04,44.94,46.63,2577,177024
2021-09-02,46.6,46.56,45.03,45.47,2673,162158
2021-09-03,47.18,46.72,46.18,46.47,1096,82908
2021-09-07,47.15,46.78,46.41,46.64,1149,57388
2021-09-08,46.7,45.21,44.77,46.52,1461,80802
2021-09-09,46.7,46.29,45.14,45.33,1678,119522
2021-09-10,48.04,46.17,46.12,46.82,2196,106236
2021-09-13,47.49,47.06,46.39,46.62,1606,91349
2021-09-14,47.55,46.23,46.055,47.05,1765,88730
2021-09-15,47.27,47.23,45.46,46.0,1714,122215
2021-09-16,48.02,47.84,46.46,46.67,2118,174635
2021-09-17,48.02,46.6,46.48,48.0,1464,224192
2021-09-20,45.04,44.81,44.18,44.75,3129,136262
2021-09-21,45.19,44.7,43.9,45.13,1467,82644
2021-09-22,47.02,46.7,45.09,45.09,1384,116552
2021-09-23,47.84,47.2,47.1,47.11,1942,89908
2021-09-24,47.06,46.63,46.04,46.45,1419,100634
2021-09-27,47.61,47.01,45.97,45.99,1787,129476
2021-09-28,46.14,45.0,44.65,45.93,2180,114833
2021-09-29,45.56,41.95,41.9,45.33,4174,246129
2021-09-30,43.35,42.6,42.35,42.4,2625,184420
2021-10-01,43.25,42.86,41.6,43.05,3108,211913
2021-10-04,42.33,41.94,41.35,42.33,1473,127769
2021-10-05,43.2,42.21,42.01,42.29,1636,93140
2021-10-06,42.03,41.1,40.985,41.32,2076,141049
2021-10-07,43.07,42.56,41.97,41.97,1332,121503
2021-10-08,42.96,42.5,42.25,42.96,1568,95284
2021-10-11,43.4,42.66,42.39,42.39,1298,61666
2021-10-12,43.47,42.27,42.03,43.38,940,121779
2021-10-13,43.32,42.63,42.42,42.67,1935,95755
2021-10-14,44.93,44.87,43.51,43.51,1744,127883
2021-10-15,45.78,44.61,44.55,45.62,1909,160108
2021-10-18,44.36,44.1,43.59,44.0,1339,74962
2021-10-19,45.39,45.1,44.23,44.48,1741,77409
2021-10-20,45.1,44.38,44.16,44.8,1700,88921
2021-10-21,44.03,43.62,43.12,43.76,1754,111220
2021-10-22,44.91,43.21,42.72,43.8,1862,126342
2021-10-25,43.7,42.98,42.85,43.42,1585,112853
2021-10-26,43.9,42.67,42.47,43.42,2077,118820
2021-10-27,43.61,42.84,42.28,42.28,2085,131025
2021-10-28,51.22,51.07,47.47,48.03,5403,378948
2021-10-29,51.23,49.57,48.67,50.07,3496,207214
2021-11-01,53.65,53.41,49.77,50.02,4326,274564
2021-11-02,54.07,53.27,52.79,53.52,2496,135900
2021-11-03,55.44,55.35,52.09,53.48,3102,157542
2021-11-04,56.88,56.17,55.24,55.67,2445,131206
2021-11-05,58.19,58.19,56.0,56.39,3524,161279
2021-11-08,60.69,59.21,58.55,58.68,3801,198514
2021-11-09,60.81,59.77,58.67,59.28,2903,141916
2021-11-10,59.67,57.5,56.45,58.31,2667,123286
2021-11-11,58.74,57.57,57.44,58.39,1851,100730
2021-11-12,59.34,58.89,57.65,58.0,1975,101991
2021-11-15,60.41,59.51,58.43,59.21,2616,130188
2021-11-16,60.65,60.04,58.99,59.0,1787,91962
2021-11-17,60.59,59.0,58.64,59.64,2086,132065
2021-11-18,60.03,58.05,57.21,59.99,2259,145447
2021-11-19,58.39,56.77,55.84,57.19,2900,162823
2021-11-22,58.82,57.63,56.84,57.42,2305,152685
2021-11-23,58.63,57.54,55.68,57.76,1962,127932
2021-11-24,57.68,57.21,56.47,56.63,1519,66157
2021-11-26,55.77,53.69,52.41,55.08,2300,134334
2021-11-29,55.59,55.16,53.74,55.21,2679,161344
2021-11-30,55.99,54.81,53.2,54.69,2642,381845
2021-12-01,58.97,56.1,56.07,56.28,3417,184903
2021-12-02,56.14,55.25,53.56,55.84,3582,145059
2021-12-03,56.95,53.44,52.94,56.06,2340,105836
2021-12-06,54.57,54.13,50.9,53.36,2517,119714
2021-12-07,58.74,57.9,56.0,56.05,2880,166644
2021-12-08,58.9,58.65,57.0,57.78,2371,110560
2021-12-09,59.0,55.95,55.81,57.82,1811,76746
2021-12-10,57.6,55.63,54.6,57.6,1405,94774
2021-12-13,55.53,51.87,51.87,55.53,2484,137822
2021-12-14,52.63,51.59,50.73,51.11,2243,112126
2021-12-15,53.83,53.69,49.85,51.72,2762,147204
2021-12-16,54.57,51.28,50.92,54.33,2783,127932
2021-12-17,52.52,51.14,50.6,50.97,2787,464555
2021-12-20,50.81,50.21,49.3,49.5,2311,116895
2021-12-21,53.42,53.42,51.605,52.05,2100,129020
2021-12-22,54.71,54.62,52.79,53.0,1575,110061
2021-12-23,56.52,56.18,54.82,54.82,1319,85932
2021-12-27,59.32,59.2,56.58,56.58,2015,126875
2021-12-28,59.75,57.34,57.19,59.21,2089,104149
2021-12-29,58.32,57.86,57.24,57.24,1450,70011
2021-12-30,58.64,57.47,57.3,57.43,1008,62453
2021-12-31,58.23,57.36,57.23,57.47,1501,294962
2022-01-03,59.5,58.47,57.38,57.9,2010,122201
2022-01-04,60.33,59.41,56.56,58.75,3060,170069
2022-01-05,59.87,55.33,55.2,59.12,2216,100312
2022-01-06,57.95,57.02,55.27,55.75,2273,119361
2022-01-07,57.78,54.0,53.98,57.0,2592,193870
2022-01-10,53.785,53.71,50.93,52.95,3530,171343
2022-01-11,55.09,54.63,52.92,53.67,2210,117150
2022-01-12,56.29,55.9,54.63,54.89,1923,148267
2022-01-13,58.63,56.08,55.93,57.02,3210,196376
2022-01-14,60.44,60.34,55.02,55.03,3756,272265
2022-01-18,59.56,53.69,53.59,59.2,4680,256568
2022-01-19,54.73,51.64,50.85,54.33,4312,283638
2022-01-20,54.35,50.17,50.115,52.21,4338,234120
2022-01-21,51.77,48.85,48.5,50.0,4442,354630
2022-01-24,50.58,50.47,45.81,47.42,4381,312260
2022-01-25,49.51,48.77,47.48,48.3,2576,178655
2022-01-26,51.62,48.84,47.97,50.83,2406,163939
2022-01-27,48.87,45.25,44.78,48.87,3352,213116
2022-01-28,46.42,46.36,43.23,44.85,2495,167869
2022-01-31,50.44,50.42,46.25,46.27,2728,204919
2022-02-01,51.23,50.92,49.35,51.13,2563,144777
2022-02-02,52.19,51.36,50.63,52.02,2776,125336
2022-02-03,51.21,49.31,49.11,49.86,1773,91204
2022-02-04,49.86,49.42,48.14,48.74,2536,115825
2022-02-07,50.51,48.81,48.6,49.91,2674,106101
2022-02-08,50.63,50.51,48.73,48.73,2202,114883
2022-02-09,52.42,52.34,51.06,51.46,2311,136706
2022-02-10,53.47,51.0,50.51,50.51,2444,106866
2022-02-11,51.6,48.71,48.0,51.15,2445,98406
2022-02-14,50.47,48.78,47.89,48.87,2278,146577
2022-02-15,51.52,51.17,49.74,50.01,2824,146982
2022-02-16,51.64,51.47,49.97,50.74,1734,73197
2022-02-17,50.93,49.61,49.61,50.69,1847,98192
2022-02-18,49.83,48.5,47.77,49.62,2609,125921
2022-02-22,48.86,46.74,46.12,47.54,2331,115492
2022-02-23,47.585,44.64,44.47,47.04,3464,197799
2022-02-24,46.4,46.04,41.78,42.54,5832,360587
2022-02-25,48.24,47.66,45.55,46.31,3680,166889
2022-02-28,47.21,45.81,45.25,46.86,3433,207582
2022-03-01,46.0,43.41,43.0,46.0,4766,700596
2022-03-02,46.0,45.58,44.0,44.2,2646,129942
2022-03-03,45.97,42.96,42.83,45.97,3237,187269
2022-03-04,42.72,40.21,39.85,42.24,4602,314669
2022-03-07,41.26,39.08,39.08,40.07,3305,176840
2022-03-08,41.63,40.22,38.69,39.08,4197,156584
2022-03-09,42.7,42.27,41.47,41.74,2395,114589
2022-03-10,41.93,41.77,40.47,41.08,2270,97471
2022-03-11,42.74,40.0,39.93,42.42,1845,100842
2022-03-14,40.66,37.9,37.72,40.18,3371,217150
2022-03-15,39.36,39.15,37.9,38.14,3095,180381
2022-03-16,42.91,42.81,40.36,40.36,3780,177507
2022-03-17,44.17,44.17,41.9,42.21,2247,109457
2022-03-18,45.05,44.77,43.3,43.67,2377,401491
2022-03-21,44.73,43.44,42.82,44.73,2246,98702
2022-03-22,44.62,43.69,43.62,43.7,1529,75138
2022-03-23,44.26,42.47,42.39,43.28,2118,89228
2022-03-24,44.27,44.22,42.5,43.03,2823,113022
2022-03-25,44.3,43.08,42.38,44.12,1829,89072
2022-03-28,43.49,43.33,42.1,43.06,1676,94065
2022-03-29,45.5,45.29,44.02,44.23,2292,149853
2022-03-30,45.15,43.07,42.96,45.15,2375,107987
2022-03-31,43.84,42.39,42.35,43.08,2069,300500
2022-04-01,42.95,40.47,40.11,42.56,3251,196659
2022-04-04,41.41,40.65,40.39,40.82,3891,237766
2022-04-05,40.53,38.48,38.15,40.52,3191,183909
2022-04-06,37.77,36.37,35.77,37.77,3886,214372
2022-04-07,37.95,37.11,36.28,36.65,2781,188827
2022-04-08,36.91,36.01,35.75,36.8,3182,186636
2022-04-11,35.02,32.74,32.59,34.25,5869,461098
2022-04-12,34.5,33.5,33.21,33.64,3880,267180
2022-04-13,35.14,34.61,33.36,33.61,4207,232536
2022-04-14,34.84,33.75,33.69,34.81,2529,151667
2022-04-18,34.52,34.06,33.43,33.43,2100,187028
2022-04-19,35.57,35.36,34.0,34.25,2424,146700
2022-04-20,37.17,35.43,35.36,36.57,1986,114727
2022-04-21,36.8,34.42,34.06,36.27,1724,113676
2022-04-22,34.9,33.56,33.46,34.29,1854,85320
2022-04-25,34.15,34.09,32.97,33.0,2744,137682
2022-04-26,33.8,32.91,32.82,33.51,2817,142947
2022-04-27,33.81,32.84,32.39,32.5,3044,178599
2022-04-28,32.815,32.17,29.91,32.0,6349,456370
2022-04-29,32.99,31.17,30.78,31.78,3512,346453
2022-05-02,32.09,31.65,30.16,31.05,3639,259714
2022-05-03,32.29,31.77,31.11,31.64,2679,154959
2022-05-04,33.47,33.31,31.23,32.04,2312,159392
2022-05-05,33.02,32.16,31.465,32.94,3112,184221
2022-05-06,33.29,32.97,31.0,31.97,3676,211165
2022-05-09,32.38,30.72,30.0,31.86,3742,207071
2022-05-10,31.59,30.78,29.48,31.42,3763,190927
2022-05-11,31.09,29.3,29.05,30.38,3722,177775
2022-05-12,30.7,30.2,29.03,29.18,4855,190177
2022-05-13,32.31,31.99,30.78,31.02,2621,124531
2022-05-16,32.04,31.13,31.05,31.44,3050,115861
2022-05-17,32.92,32.89,31.75,32.15,3212,145808
2022-05-18,32.76,31.42,30.85,31.99,3091,210463
2022-05-19,31.97,31.52,31.01,31.01,2854,150275
2022-05-20,32.27,30.94,29.5,32.27,4088,223641
2022-05-23,31.77,31.49,30.82,31.24,2538,121041
2022-05-24,30.93,30.48,29.58,30.93,3035,167737
2022-05-25,31.17,30.94,30.05,30.17,2679,109598
2022-05-26,33.32,32.92,30.94,30.95,3040,159242
2022-05-27,34.38,34.14,33.34,33.5,2486,155065
2022-05-31,34.21,33.56,32.99,33.86,3162,202247
2022-06-01,33.97,32.39,31.87,33.62,3568,130663
2022-06-02,33.82,33.78,32.3,32.3,2922,115852
2022-06-03,33.25,32.81,32.51,33.21,2111,111569
2022-06-06,33.78,32.98,32.84,33.47,2675,145017
2022-06-07,33.44,33.32,32.32,32.32,1636,81931
2022-06-08,33.31,33.28,32.69,32.89,2825,162930
2022-06-09,33.12,32.65,32.33,32.86,3894,170758
2022-06-10,32.4,31.35,31.31,31.78,4425,221141
2022-06-13,30.63,28.96,28.6,30.55,3586,165358
2022-06-14,29.7,29.33,28.6,29.25,3160,125048
2022-06-15,30.88,30.33,29.16,29.33,3726,181302
2022-06-16,29.15,27.98,27.74,29.15,3799,201289
2022-06-17,29.17,28.67,27.9,27.98,4159,616124
2022-06-21,29.81,28.86,28.78,29.34,3223,152835
2022-06-22,29.22,28.67,28.3,28.3,3332,134205
2022-06-23,29.26,29.15,28.25,28.9,3027,152947
2022-06-24,30.63,30.42,29.62,29.62,2391,449647
2022-06-27,31.42,31.15,30.27,30.81,2577,117258
2022-06-28,31.605,30.25,30.23,31.4,3009,154656
2022-06-29,30.03,29.63,28.87,30.03,2860,132817
2022-06-30,30.03,29.77,28.73,28.88,1795,134853
2022-07-01,29.1,26.985,26.64,28.89,3620,278669
2022-07-05,27.28,27.27,26.02,26.02,2703,211428
2022-07-06,27.66,27.28,26.78,27.28,1819,125933
2022-07-07,29.29,29.23,27.92,28.0,1969,127225
2022-07-08,30.05,29.87,29.04,29.07,1958,115563
2022-07-11,29.8,29.2,29.09,29.4,1917,100322
2022-07-12,30.23,29.84,29.27,29.27,1838,115152
2022-07-13,30.12,29.83,29.04,29.04,1860,112251
2022-07-14,30.55,30.43,28.96,29.76,1970,98045
2022-07-15,31.25,31.16,30.16,30.95,1948,128586
2022-07-18,31.88,30.77,30.47,31.79,1810,88403
2022-07-19,32.86,32.8,31.29,31.29,1938,121923
2022-07-20,34.64,34.55,32.55,32.85,2600,157563
2022-07-21,35.61,35.59,34.4,35.0,2650,111847
2022-07-22,35.2,34.51,34.11,34.92,2199,121442
2022-07-25,34.32,34.3,33.69,33.99,1266,82181
2022-07-26,34.5,33.7,33.54,33.91,1745,118019
2022-07-27,35.815,35.45,34.07,34.31,2647,137037
2022-07-28,36.22,36.09,34.65,35.0,1800,124953
2022-07-29,33.66,33.6,31.3,33.66,5499,355686
2022-08-01,34.2,34.05,33.1,33.44,3311,141676
2022-08-02,34.34,33.73,33.6,33.6,2594,118587
2022-08-03,35.1,34.72,33.73,33.8,1862,113241
2022-08-04,35.27,35.19,34.6,34.6,2855,126574
2022-08-05,35.37,34.75,34.06,34.68,1801,87419
2022-08-08,34.8,33.51,32.97,34.4,2414,134991
2022-08-09,32.71,30.63,30.18,32.68,2817,203035
2022-08-10,32.64,32.4,31.41,31.74,2661,139340
2022-08-11,33.76,32.9,32.51,32.76,2272,85556
2022-08-12,34.44,34.43,33.25,33.29,2320,105996
2022-08-15,34.6,33.72,33.53,34.3,2128,92567
2022-08-16,34.11,33.87,33.22,33.49,2685,105533
2022-08-17,33.26,32.31,31.29,33.26,3026,130064
2022-08-18,33.75,33.28,31.99,32.31,2263,113159
2022-08-19,33.24,32.79,32.47,32.61,2996,178308
2022-08-22,31.9,30.6,30.44,31.8,1737,103920
2022-08-23,31.88,31.5,30.68,30.68,1254,67314
2022-08-24,31.94,31.75,31.22,31.3,1342,64534
2022-08-25,33.61,33.58,31.91,31.95,1797,88726
2022-08-26,33.77,31.36,31.32,33.77,1490,68669
2022-08-29,31.68,30.58,30.57,31.0,1654,77302
2022-08-30,31.04,29.83,29.5,31.04,2229,108825
2022-08-31,29.8,29.27,29.1,29.66,2440,308632
2022-09-01,28.74,28.38,27.5,28.42,3827,155062
2022-09-02,29.05,28.24,27.8,28.81,3194,137892
2022-09-06,28.56,27.69,27.64,28.56,2879,134635
2022-09-07,28.1,28.0,27.14,27.54,2873,130716
2022-09-08,28.79,28.79,27.3,27.52,2611,127122
2022-09-09,30.12,29.75,29.17,29.39,2080,92924
2022-09-12,30.155,29.42,29.05,29.98,2629,114569
2022-09-13,28.52,27.89,27.74,28.22,2547,105636
2022-09-14,28.09,27.91,27.54,28.09,2654,135817
2022-09-15,28.15,27.46,27.31,27.59,2170,81195
2022-09-16,27.61,27.56,26.81,27.14,2651,195587
2022-09-19,27.74,27.4,27.06,27.06,1320,101873
2022-09-20,27.21,27.15,26.67,27.0,1990,95121
2022-09-21,28.04,26.91,26.85,27.36,1827,95362
2022-09-22,26.64,26.23,26.04,26.64,2513,110501
2022-09-23,26.27,26.23,25.66,25.9,2544,129590
2022-09-26,26.51,25.44,25.4,26.19,2233,94413
2022-09-27,26.09,25.8,25.39,25.81,2779,130875
2022-09-28,27.185,27.06,25.66,25.66,2113,117274
2022-09-29,26.61,26.58,25.99,26.5,1137,81522
2022-09-30,26.85,25.75,25.2,25.69,2071,189748
2022-10-03,27.72,27.34,26.25,26.31,1585,96843
2022-10-04,28.87,28.77,28.23,28.42,1956,117967
2022-10-05,29.48,29.23,28.05,28.32,2001,89001
2022-10-06,29.89,29.28,29.1,29.12,1861,83998
2022-10-07,28.57,27.79,27.53,28.47,2301,179329
2022-10-10,27.79,27.09,26.37,27.79,1747,100569
2022-10-11,26.72,25.83,25.38,26.64,2371,155043
2022-10-12,25.72,24.86,24.76,25.72,1854,99596
2022-10-13,26.32,26.21,23.35,23.64,2101,143557
2022-10-14,26.45,24.85,24.77,26.45,2305,133027
2022-10-17,26.11,25.69,25.36,25.6,2108,116413
2022-10-18,26.71,25.43,24.96,26.38,2507,116721
2022-10-19,25.41,25.3,24.75,25.23,2681,107050
2022-10-20,26.5,25.94,25.4,25.64,2099,131817
2022-10-21,27.84,27.73,26.09,26.17,1926,166394
2022-10-24,27.98,27.67,27.2,27.98,1591,93970
2022-10-25,28.76,28.34,27.89,27.89,1144,84960
2022-10-26,29.76,28.95,27.87,27.98,1943,84729
2022-10-27,32.19,30.6,29.82,29.99,2903,199387
2022-10-28,32.36,32.25,30.77,30.77,2822,162571
2022-10-31,31.89,31.11,30.59,31.89,2205,177333
2022-11-01,32.38,32.23,31.52,31.79,1774,134859
2022-11-02,32.6,30.46,30.45,32.23,2387,130305
2022-11-03,29.99,29.44,29.17,29.75,1498,90517
2022-11-04,31.63,31.56,30.135,30.38,1712,113128
2022-11-07,32.94,32.73,31.46,31.76,1976,122419
2022-11-08,33.63,32.89,32.39,33.25,1754,89467
2022-11-09,32.73,31.83,31.72,32.14,1336,75668
2022-11-10,34.91,34.4,33.72,34.0,2912,202754
2022-11-11,35.41,34.77,34.33,34.65,2310,128702
2022-11-14,35.24,34.54,34.175,34.4,1821,88059
2022-11-15,36.0,34.93,34.89,35.88,2731,113421
2022-11-16,34.08,33.12,32.885,34.08,2387,137729
2022-11-17,33.74,33.71,32.27,32.27,2043,98222
2022-11-18,34.69,33.86,33.49,34.69,1431,92428
2022-11-21,33.8,33.37,33.22,33.44,1279,62230
2022-11-22,33.88,33.83,33.14,33.69,1597,59765
2022-11-23,34.58,34.5,33.81,33.81,1378,68737
2022-11-25,34.6,34.01,34.01,34.44,1116,31426
2022-11-28,33.98,32.87,32.53,33.46,1281,67983
2022-11-29,33.65,33.3,32.86,32.86,1145,56474
2022-11-30,35.69,35.63,32.91,33.5,2632,217716
2022-12-01,36.0,35.46,34.94,35.79,2394,86734
2022-12-02,35.32,35.14,34.44,34.53,1644,72710
2022-12-05,36.15,35.09,34.85,35.11,1980,89129
2022-12-06,35.05,34.37,34.11,34.94,1760,70211
2022-12-07,34.89,34.65,34.01,34.01,1607,73624
2022-12-08,36.73,36.59,34.69,34.69,3109,152530
2022-12-09,36.92,35.77,35.68,36.25,2248,130385
2022-12-12,36.97,36.76,35.55,35.55,2067,89239
2022-12-13,39.1,37.42,37.06,38.06,3082,176461
2022-12-14,38.08,36.95,36.42,37.28,2695,99063
2022-12-15,36.12,35.04,34.92,35.99,2383,87528
2022-12-16,35.5,35.09,34.5,34.5,2818,642026
2022-12-19,35.02,33.69,33.47,35.02,2071,95990
2022-12-20,35.13,34.62,33.2,33.26,2170,87268
2022-12-21,35.5,35.28,34.82,34.82,1504,68104
2022-12-22,34.27,33.32,32.23,34.22,2420,123656
2022-12-23,33.39,33.32,32.88,33.06,1864,71204
2022-12-27,33.45,33.38,32.87,33.18,1413,68089
2022-12-28,33.57,32.15,32.12,33.17,1671,77247
2022-12-29,33.6,33.31,32.7,32.76,1168,59278
2022-12-30,33.31,33.15,32.52,32.82,1624,68701
2023-01-03,34.03,33.1,32.65,33.77,1823,90126
2023-01-04,34.385,34.03,33.52,33.74,1453,108057
2023-01-05,34.4,33.81,33.29,33.63,1412,68745
2023-01-06,35.71,35.7,34.04,34.4,2020,98226
2023-01-09,35.43,33.1,32.36,33.0,2946,240676
2023-01-10,32.58,32.05,31.21,32.07,2822,197148
