Date,HIGH,CLOSE,LOW,OPEN,COUNT,VOLUME
2021-01-26,19.44,18.11,10.59,10.59,13569,2337909
2021-01-27,14.12,9.1,8.0,13.11,13110,2234225
2021-01-28,9.19,8.25,8.1,9.19,2463,324538
2021-01-29,8.49,8.04,7.95,8.2,1603,218168
2021-02-01,9.9,9.09,7.51,8.05,3203,510757
2021-02-02,9.15,8.21,8.1,8.92,1286,193654
2021-02-03,8.7,8.55,8.31,8.7,454,49668
2021-02-04,8.88,8.52,8.35,8.88,719,141335
2021-02-05,8.63,8.4,8.27,8.5,439,61733
2021-02-08,9.8,9.2,8.52,8.66,929,151581
2021-02-09,11.3,11.14,9.35,9.81,2213,346146
2021-02-10,11.96,10.09,9.39,11.05,1795,229395
2021-02-11,10.38,9.66,9.36,10.1,739,79103
2021-02-12,10.62,9.98,9.18,9.7,722,116198
2021-02-16,10.5,9.73,9.65,10.02,815,135423
2021-02-17,10.045,9.29,9.06,9.61,654,104825
2021-02-18,9.24,8.67,8.56,9.16,438,42312
2021-02-19,9.2,9.07,8.87,8.9,287,43614
2021-02-22,8.94,8.35,8.3,8.91,509,54947
2021-02-23,7.86,7.35,6.99,7.86,774,87591
2021-02-24,8.24,7.99,7.5,7.6,478,65640
2021-02-25,8.29,7.62,7.59,8.09,314,37558
2021-02-26,7.56,7.45,7.3,7.43,314,44718
2021-03-01,7.74,7.5,7.46,7.63,168,20623
2021-03-02,7.73,7.57,7.36,7.51,216,21609
2021-03-03,7.76,7.24,7.07,7.7,182,17157
2021-03-04,7.12,6.25,5.96,7.12,613,64222
2021-03-05,6.56,6.51,5.11,6.27,459,68454
2021-03-08,6.79,6.37,6.05,6.5,417,44294
2021-03-09,6.88,6.65,6.45,6.61,163,24010
2021-03-10,6.92,6.65,6.34,6.76,327,29020
2021-03-11,7.45,7.18,6.72,6.72,324,41791
2021-03-12,7.27,7.16,7.04,7.04,142,22759
2021-03-15,7.38,7.25,7.15,7.32,184,14649
2021-03-16,7.4,6.7,6.7,7.4,349,52003
2021-03-17,6.95,6.88,6.57,6.61,111,14219
2021-03-18,6.85,6.76,6.7,6.81,124,10831
2021-03-19,6.85,6.75,6.65,6.73,78,8795
2021-03-22,6.85,6.7,6.7,6.83,95,17711
2021-03-23,6.59,6.21,6.17,6.59,171,23697
2021-03-24,6.27,5.78,5.71,6.27,126,13385
2021-03-25,5.89,5.75,5.51,5.51,285,22383
2021-03-26,5.89,5.79,5.52,5.89,107,5317
2021-03-29,6.23,5.95,5.76,5.76,122,9019
2021-03-30,6.06,5.78,5.78,6.0,130,8221
2021-03-31,6.0,6.0,5.84,5.84,51,4961
2021-04-01,6.99,6.26,6.2,6.21,438,67672
2021-04-05,7.87,7.32,6.35,6.37,1854,193127
2021-04-06,7.87,7.18,7.06,7.44,570,74563
2021-04-07,7.42,7.22,7.06,7.31,237,42601
2021-04-08,7.3,7.12,7.05,7.3,168,27879
2021-04-09,7.28,7.1,7.0,7.15,129,16812
2021-04-12,7.07,6.63,6.56,7.06,138,15908
2021-04-13,6.54,6.23,6.2,6.54,93,8229
2021-04-14,6.25,5.94,5.91,6.03,132,19587
2021-04-15,6.27,6.0,5.84,6.21,153,19402
2021-04-16,6.21,6.07,5.8,5.94,82,7620
2021-04-19,6.06,5.98,5.88,6.05,60,5296
2021-04-20,6.02,5.75,5.75,6.0,63,8202
2021-04-21,6.0,5.93,5.76,5.77,62,6373
2021-04-22,6.35,6.15,6.0,6.03,165,11697
2021-04-23,6.42,6.1,6.1,6.25,70,19491
2021-04-26,6.32,6.01,5.98,6.32,79,15656
2021-04-27,6.08,6.06,5.93,6.0,101,9233
2021-04-28,6.04,5.93,5.88,6.04,26,1661
2021-04-29,6.09,5.94,5.89,6.09,24,4303
2021-04-30,5.95,5.85,5.85,5.88,100,18500
2021-05-03,5.88,5.63,5.63,5.88,69,4773
2021-05-04,5.91,5.72,5.5,5.82,203,18150
2021-05-05,5.8,5.8,5.5,5.78,139,33876
2021-05-06,5.99,5.56,5.51,5.69,215,44639
2021-05-07,5.77,5.18,5.15,5.53,238,55133
2021-05-10,5.17,4.78,4.75,5.17,130,27241
2021-05-11,4.8,4.8,4.4,4.56,329,75514
2021-05-12,4.79,4.6,4.52,4.79,79,26806
2021-05-13,4.69,4.63,4.52,4.62,104,23098
2021-05-14,4.905,4.66,4.63,4.72,284,94219
2021-05-17,4.98,4.93,4.69,4.69,246,76398
2021-05-18,5.23,5.23,4.95,5.08,365,52502
2021-05-19,5.6,5.53,5.13,5.14,574,90083
2021-05-20,6.1,5.75,5.44,5.6,1099,185906
2021-05-21,6.22,6.04,5.5,5.74,720,151663
2021-05-24,6.08,5.0,4.86,6.06,873,125229
2021-05-25,5.08,4.69,4.62,5.08,757,81567
2021-05-26,5.94,5.62,4.61,4.72,1749,454246
2021-05-27,4.95,4.52,4.42,4.78,3848,718539
2021-05-28,4.56,4.27,4.11,4.56,1675,303093
2021-06-01,4.33,4.17,4.17,4.33,651,110441
2021-06-02,4.21,4.0,3.85,4.21,1311,193430
2021-06-03,4.03,3.91,3.86,3.95,702,128892
2021-06-04,4.13,4.11,3.865,3.93,648,105183
2021-06-07,4.13,4.07,3.955,4.08,410,102544
2021-06-08,4.15,4.11,3.96,4.08,555,87114
2021-06-09,4.3,4.17,4.04,4.15,581,93325
2021-06-10,4.18,4.06,4.0,4.17,281,55572
2021-06-11,4.14,4.05,4.03,4.1,244,48054
2021-06-14,4.2,4.07,4.02,4.05,332,75672
2021-06-15,4.12,4.0,3.91,4.08,374,64904
2021-06-16,4.05,3.95,3.88,3.95,513,94177
2021-06-17,3.97,3.96,3.9,3.94,373,56897
2021-06-18,3.94,3.86,3.83,3.93,269,50546
2021-06-21,3.85,3.77,3.69,3.85,484,87390
2021-06-22,3.88,3.88,3.77,3.79,185,36223
2021-06-23,3.94,3.86,3.83,3.83,303,39793
2021-06-24,3.97,3.9,3.82,3.9,436,92774
2021-06-25,3.96,3.89,3.81,3.9,435,81704
2021-06-28,3.96,3.95,3.855,3.88,296,60120
2021-06-29,4.16,4.06,3.89,3.94,658,167864
2021-06-30,4.66,4.35,3.94,4.07,1575,373000
2021-07-01,4.57,4.12,3.96,4.57,1229,201231
2021-07-02,4.07,3.97,3.8,4.06,687,106873
2021-07-06,3.85,3.64,3.52,3.85,450,90583
2021-07-07,3.69,3.47,3.4,3.69,430,79850
2021-07-08,3.39,3.39,3.21,3.3,324,53517
2021-07-09,3.695,3.53,3.42,3.42,234,31285
2021-07-12,3.66,3.53,3.45,3.57,289,31899
2021-07-13,4.29,3.97,3.48,3.48,1556,341710
2021-07-14,3.92,3.47,3.44,3.92,765,170085
2021-07-15,3.59,3.36,3.35,3.49,632,114091
2021-07-16,3.38,3.22,3.21,3.38,306,89036
2021-07-19,3.21,3.15,2.97,3.2,495,87638
2021-07-20,3.24,3.15,3.05,3.12,457,90111
2021-07-21,3.36,3.34,3.14,3.18,300,52182
2021-07-22,3.35,3.23,3.17,3.34,179,31402
2021-07-23,3.22,3.13,3.06,3.15,224,45205
2021-07-26,4.98,3.39,3.02,3.02,9881,2527015
2021-07-27,3.235,3.13,2.95,3.2,542,82942
2021-07-28,3.2,3.15,3.05,3.05,217,24975
2021-07-29,3.18,3.05,3.05,3.18,171,28573
2021-07-30,3.16,3.05,2.97,3.05,351,61036
2021-08-02,3.16,3.08,3.02,3.12,549,81844
2021-08-03,3.2,3.14,3.04,3.08,230,32581
2021-08-04,3.21,3.08,3.06,3.14,287,47847
2021-08-05,3.27,3.24,3.09,3.09,196,58404
2021-08-06,3.34,3.18,3.18,3.25,118,23495
2021-08-09,3.37,3.23,3.21,3.21,218,28529
2021-08-10,3.8,3.36,3.23,3.24,1222,298208
2021-08-11,3.36,3.31,3.18,3.36,372,73405
2021-08-12,3.37,3.2,3.15,3.29,369,51506
2021-08-13,3.32,3.15,3.1,3.18,307,72692
2021-08-16,3.11,3.03,3.0,3.11,180,31757
2021-08-17,3.08,2.94,2.91,3.0,195,26419
2021-08-18,3.11,3.03,2.92,2.92,232,49825
2021-08-19,3.12,3.0,2.95,2.98,280,50499
2021-08-20,3.12,2.99,2.99,3.0,181,31467
2021-08-23,3.16,3.04,3.01,3.05,353,70854
2021-08-24,3.28,3.2,3.06,3.07,304,49782
2021-08-25,3.335,3.29,3.21,3.25,143,22880
2021-08-26,3.33,3.19,3.18,3.29,92,16280
2021-08-27,3.23,3.13,3.11,3.15,87,12387
2021-08-30,3.21,3.15,3.04,3.15,235,33091
2021-08-31,3.24,3.21,3.1,3.11,274,63780
2021-09-01,3.37,3.19,3.15,3.17,187,24504
2021-09-02,3.43,3.4,3.19,3.19,207,39934
2021-09-03,3.43,3.24,3.22,3.4,186,35531
2021-09-07,3.33,3.33,3.25,3.29,142,30186
2021-09-08,3.32,3.2,3.14,3.32,93,20174
2021-09-09,3.24,3.24,3.12,3.15,178,31436
2021-09-10,3.27,3.18,3.11,3.22,79,23368
2021-09-13,3.24,3.19,3.11,3.19,111,28068
2021-09-14,3.26,3.13,3.1,3.26,171,41730
2021-09-15,3.46,3.15,3.145,3.16,507,125897
2021-09-16,3.25,3.09,3.08,3.17,198,44727
2021-09-17,3.15,3.07,3.02,3.08,138,37558
2021-09-20,3.19,2.92,2.92,3.06,190,48287
2021-09-21,3.08,2.98,2.93,2.98,161,43447
2021-09-22,3.03,2.98,2.94,3.0,199,43905
2021-09-23,2.97,2.935,2.91,2.97,181,23687
2021-09-24,3.03,2.87,2.82,2.92,238,44516
2021-09-27,2.96,2.87,2.77,2.87,197,33602
2021-09-28,3.02,2.89,2.81,2.84,162,58575
2021-09-29,3.02,2.83,2.82,2.86,289,59446
2021-09-30,2.96,2.92,2.83,2.86,152,27412
2021-10-01,2.97,2.91,2.88,2.91,92,25679
2021-10-04,2.92,2.8,2.78,2.88,268,92750
2021-10-05,2.92,2.8,2.75,2.84,323,68910
2021-10-06,2.95,2.72,2.69,2.78,490,129685
2021-10-07,2.865,2.83,2.72,2.72,345,65350
2021-10-08,2.92,2.86,2.81,2.84,255,45623
2021-10-11,3.07,2.83,2.83,2.9,472,106616
2021-10-12,2.89,2.89,2.81,2.83,145,38101
2021-10-13,3.07,2.9,2.86,2.91,323,63706
2021-10-14,2.99,2.95,2.92,2.92,137,32684
2021-10-15,3.09,2.96,2.94,2.95,318,56607
2021-10-18,3.01,2.94,2.94,2.97,144,36196
2021-10-19,3.04,2.97,2.95,2.95,138,21967
2021-10-20,2.98,2.88,2.85,2.97,144,30175
2021-10-21,2.95,2.89,2.86,2.86,98,17597
2021-10-22,2.88,2.78,2.78,2.86,147,39943
2021-10-25,2.85,2.83,2.78,2.78,80,25674
2021-10-26,2.85,2.81,2.78,2.81,104,24060
2021-10-27,2.955,2.84,2.82,2.84,257,72361
2021-10-28,3.01,2.95,2.8,2.84,261,54181
2021-10-29,2.97,2.89,2.87,2.92,188,46076
2021-11-01,2.92,2.9,2.87,2.88,172,35896
2021-11-02,2.88,2.85,2.82,2.88,106,34752
2021-11-03,2.93,2.92,2.83,2.83,167,43700
2021-11-04,2.96,2.9,2.84,2.96,143,35831
2021-11-05,2.95,2.85,2.84,2.92,120,33987
2021-11-08,3.04,2.95,2.87,2.88,354,76160
2021-11-09,3.09,3.09,2.88,2.95,279,54587
2021-11-10,3.08,2.93,2.93,3.05,204,39515
2021-11-11,3.06,3.05,2.945,2.97,113,30698
2021-11-12,3.35,3.2,3.01,3.05,407,76610
2021-11-15,3.24,3.14,3.06,3.24,130,22689
2021-11-16,3.13,3.1,2.97,3.12,140,26464
2021-11-17,3.14,2.97,2.92,3.13,169,48144
2021-11-18,2.99,2.71,2.58,2.95,341,88846
2021-11-19,2.7,2.63,2.5,2.7,316,63577
2021-11-22,2.63,2.44,2.375,2.63,238,43995
2021-11-23,2.5,2.39,2.295,2.42,207,36520
2021-11-24,2.46,2.44,2.32,2.4,121,22420
2021-11-26,2.37,2.32,2.08,2.34,175,48445
2021-11-29,2.43,2.26,2.25,2.37,223,38137
2021-11-30,2.32,2.25,2.12,2.23,224,40585
2021-12-01,2.32,2.1,2.1,2.24,156,64391
2021-12-02,2.22,2.19,2.12,2.12,67,26861
2021-12-03,2.33,1.92,1.92,2.23,324,49741
2021-12-06,2.05,1.98,1.8,1.91,99,16795
2021-12-07,2.19,2.12,2.07,2.07,123,19520
2021-12-08,2.17,2.14,2.04,2.09,191,30675
2021-12-09,2.11,2.06,2.03,2.09,55,6766
2021-12-10,2.09,1.95,1.93,2.09,66,7341
2021-12-13,1.95,1.8,1.78,1.92,116,15652
2021-12-14,1.91,1.9,1.8,1.8,121,11062
2021-12-15,1.89,1.85,1.82,1.89,66,5757
2021-12-16,1.85,1.75,1.75,1.82,229,27245
2021-12-17,1.85,1.81,1.72,1.75,80,16190
2021-12-20,1.73,1.7,1.67,1.73,113,18359
2021-12-21,1.78,1.75,1.72,1.72,57,7516
2021-12-22,1.76,1.76,1.7,1.74,108,11588
2021-12-23,1.78,1.75,1.72,1.77,80,24149
2021-12-27,1.76,1.66,1.65,1.76,100,13187
2021-12-28,1.63,1.51,1.51,1.63,97,10047
2021-12-29,1.55,1.49,1.465,1.51,139,23918
2021-12-30,1.74,1.57,1.47,1.47,313,48321
2021-12-31,1.65,1.49,1.46,1.56,226,44008
2022-01-03,1.63,1.59,1.49,1.49,120,14810
2022-01-04,2.12,1.5,1.5,1.57,1584,573455
2022-01-05,1.62,1.44,1.44,1.51,432,75614
2022-01-06,1.43,1.36,1.31,1.43,168,27989
2022-01-07,1.36,1.33,1.32,1.33,88,33066
2022-01-10,1.33,1.3,1.25,1.33,111,15976
2022-01-11,1.34,1.33,1.28,1.29,81,10205
2022-01-12,1.37,1.31,1.29,1.37,105,14021
2022-01-13,1.3,1.26,1.25,1.3,41,6301
2022-01-14,1.31,1.25,1.23,1.31,66,14937
2022-01-18,1.25,1.23,1.19,1.25,51,4315
2022-01-19,1.24,1.15,1.15,1.22,38,8900
2022-01-20,1.22,1.2,1.16,1.16,135,17459
2022-01-21,1.19,1.17,1.13,1.17,32,5064
2022-01-24,1.2,1.14,1.06,1.13,87,21556
2022-01-25,1.17,1.16,1.13,1.13,36,4941
2022-01-26,1.19,1.11,1.11,1.19,26,7292
2022-01-27,1.15,1.09,1.08,1.12,57,5712
2022-01-28,1.13,1.08,1.01,1.11,79,11821
2022-01-31,1.17,1.13,1.1,1.1,40,5970
2022-02-01,1.19,1.14,1.11,1.16,31,3208
2022-02-02,1.11,1.09,1.05,1.1,66,10938
2022-02-03,1.11,1.05,1.05,1.11,21,3321
2022-02-04,1.08,1.05,1.01,1.07,59,5333
2022-02-07,1.09,1.08,1.06,1.07,18,1379
2022-02-08,1.15,1.06,1.03,1.15,71,14412
2022-02-09,1.11,1.07,1.05,1.06,53,6864
2022-02-10,1.14,1.12,1.07,1.07,52,5896
2022-02-11,1.12,1.06,1.05,1.11,36,4585
2022-02-14,1.09,1.05,1.02,1.07,92,12048
2022-02-15,1.065,1.06,1.03,1.05,36,3428
2022-02-16,1.08,1.06,1.02,1.05,43,9182
2022-02-17,1.08,1.02,0.9801,1.05,86,9678
2022-02-18,1.01,0.965,0.9501,1.01,51,8575
2022-02-22,0.95,0.9475,0.9108,0.9108,28,5637
2022-02-23,0.9948,0.9248,0.9121,0.9948,11,1017
2022-02-24,0.9269,0.86,0.8006,0.89,111,18601
2022-02-25,0.89,0.85,0.8341,0.8341,27,3121
2022-02-28,0.8929,0.8503,0.84,0.85,29,6023
2022-03-01,1.2,0.98,0.8928,0.8928,212,81114
2022-03-02,0.99,0.95,0.9475,0.9524,36,5306
2022-03-03,0.9255,0.85,0.85,0.8998,67,7111
2022-03-04,0.94,0.84,0.84,0.94,24,9429
2022-03-07,0.8821,0.835,0.835,0.84,37,4810
2022-03-08,1.08,1.04,0.856,0.887,233,73299
2022-03-09,1.13,1.04,0.95,0.95,185,25477
2022-03-10,1.17,1.1,1.02,1.03,360,46172
2022-03-11,1.11,1.03,0.9533,1.1,113,13721
2022-03-14,1.01,0.8999,0.89,1.01,111,24620
2022-03-15,0.8498,0.7701,0.7361,0.8368,85,22872
2022-03-16,0.952,0.9305,0.82,0.82,85,13191
2022-03-17,1.09,1.03,0.9348,0.974,91,16748
2022-03-18,1.09,1.08,1.01,1.07,94,16053
2022-03-21,1.18,1.14,1.1,1.13,147,20063
2022-03-22,1.34,1.34,1.05,1.05,252,55890
2022-03-23,1.37,1.3,1.28,1.37,113,17113
2022-03-24,1.35,1.3,1.26,1.28,87,15352
2022-03-25,1.32,1.22,1.16,1.32,123,14099
2022-03-28,1.23,1.2,1.2,1.23,33,5371
2022-03-29,1.2,1.19,1.13,1.2,41,4475
2022-03-30,1.29,1.22,1.2,1.2,37,4494
2022-03-31,1.28,1.22,1.14,1.28,81,17601
2022-04-01,1.33,1.25,1.2,1.33,21,2666
2022-04-04,1.3,1.23,1.2,1.3,56,6929
2022-04-05,1.26,1.23,1.2,1.26,20,1455
2022-04-06,1.18,1.17,1.13,1.18,45,4170
2022-04-07,1.17,1.14,1.14,1.16,42,2549
2022-04-08,1.14,1.115,1.115,1.14,18,1581
2022-04-11,1.12,1.07,1.05,1.12,39,2867
2022-04-12,1.115,1.09,1.07,1.07,23,3211
2022-04-13,1.09,1.09,1.06,1.09,10,1696
2022-04-14,1.14,1.09,1.06,1.14,40,4216
2022-04-18,1.06,1.04,1.03,1.03,15,2012
2022-04-19,1.07,1.07,1.04,1.06,15,1139
2022-04-20,1.1,1.03,1.02,1.1,34,3307
2022-04-21,1.03,0.9987,0.95,1.03,70,19116
2022-04-22,0.97,0.9373,0.9373,0.97,20,1183
2022-04-25,0.925,0.9,0.9,0.92,7,1617
2022-04-26,0.945,0.93,0.93,0.945,5,11
2022-04-27,0.9426,0.8652,0.86,0.9426,21,5276
2022-04-28,0.87,0.84,0.84,0.87,26,3727
2022-04-29,0.93,0.93,0.85,0.85,29,3979
2022-05-02,0.9498,0.92,0.92,0.9498,15,1255
2022-05-03,0.939,0.9237,0.8948,0.8948,9,585
2022-05-04,0.9497,0.9497,0.9,0.91,6,732
2022-05-05,0.94,0.9193,0.82,0.9397,19,7743
2022-05-06,0.9398,0.865,0.86,0.9398,19,2214
2022-05-09,0.88,0.87,0.81,0.846,28,3220
2022-05-10,0.9498,0.82,0.7801,0.9498,45,4646
2022-05-11,0.861,0.7701,0.7701,0.861,33,5854
2022-05-12,0.82,0.81,0.7403,0.8047,16,1462
2022-05-13,0.9,0.89,0.79,0.81,37,18092
2022-05-16,0.89,0.8614,0.8614,0.89,6,919
2022-05-17,0.9,0.89,0.8334,0.8334,16,1029
2022-05-18,0.89,0.89,0.85,0.85,16,1845
2022-05-19,0.9,0.86,0.6627,0.9,55,30145
2022-05-20,0.9,0.85,0.7867,0.9,22,8095
2022-05-23,0.83,0.78,0.7553,0.83,18,2743
2022-05-24,0.819,0.77,0.77,0.819,6,388
2022-05-25,0.8383,0.83,0.76,0.8151,38,6653
2022-05-26,0.84,0.819,0.78,0.84,8,653
2022-05-27,0.827,0.78,0.78,0.82,14,3416
2022-05-31,0.83,0.83,0.75,0.77,13,1904
2022-06-01,0.87,0.83,0.75,0.75,15,1906
2022-06-02,0.9,0.88,0.76,0.8126,133,13691
2022-06-03,0.915,0.8463,0.8463,0.9,12,1117
2022-06-06,0.895,0.85,0.8,0.8,23,3851
2022-06-07,0.88,0.8654,0.81,0.88,21,1770
2022-06-08,0.87,0.87,0.78,0.8676,50,19814
2022-06-09,0.88,0.86,0.8526,0.8526,17,751
2022-06-10,0.8507,0.8507,0.8,0.8,13,1086
2022-06-13,0.8445,0.79,0.78,0.8445,22,2634
2022-06-14,0.85,0.8,0.7999,0.8,42,8364
2022-06-15,0.85,0.7752,0.775,0.8,25,16871
2022-06-16,0.8,0.7521,0.75,0.79,18,14315
2022-06-17,0.79,0.7825,0.745,0.7897,20,2757
2022-06-21,0.81,0.7648,0.7339,0.81,12,899
2022-06-22,0.81,0.7703,0.7427,0.81,14,2110
2022-06-23,0.8,0.8,0.7402,0.7402,13,3190
2022-06-24,0.79,0.7807,0.7611,0.776,12,1362
2022-06-27,0.78,0.7555,0.7555,0.78,6,140
2022-06-28,0.8,0.75,0.7236,0.7576,26,2158
2022-06-29,0.75,0.75,0.72,0.75,13,1204
2022-06-30,0.79,0.72,0.7147,0.79,11,1559
2022-07-01,0.7058,0.6648,0.661,0.7014,37,6921
2022-07-05,0.68,0.68,0.6715,0.6715,11,133
2022-07-06,0.7065,0.7,0.67,0.7065,20,1756
2022-07-07,0.69,0.69,0.67,0.69,10,866
2022-07-08,0.69,0.69,0.6601,0.685,8,920
2022-07-11,0.684,0.675,0.675,0.684,2,27
2022-07-12,0.6999,0.6999,0.6821,0.6821,4,82
2022-07-13,0.7,0.69,0.685,0.685,11,1431
2022-07-14,0.72,0.7,0.7,0.72,8,618
2022-07-15,0.6902,0.6901,0.68,0.68,11,1044
2022-07-18,0.74,0.715,0.7,0.7,54,32630
2022-07-19,0.7301,0.73,0.7207,0.7278,8,548
2022-07-20,0.7575,0.7573,0.7436,0.75,20,2131
2022-07-21,0.7699,0.7699,0.7382,0.7455,13,1386
2022-07-22,0.7326,0.71,0.71,0.73,20,14888
2022-07-25,0.73,0.7147,0.7077,0.73,8,771
2022-07-26,0.7,0.7,0.7,0.7,10,3679
2022-07-27,0.7197,0.7197,0.7,0.7,3,13
2022-07-28,0.7,0.69,0.6801,0.7,37,3885
2022-07-29,0.7117,0.7117,0.71,0.71,8,371
2022-08-01,0.714,0.6948,0.6948,0.714,2,24
2022-08-02,0.82,0.8175,0.675,0.6983,55,21983
2022-08-03,0.82,0.7253,0.7253,0.82,12,486
2022-08-04,0.77,0.77,0.7526,0.7526,9,341
2022-08-05,0.75,0.73,0.72,0.75,21,4253
2022-08-08,0.78,0.7608,0.75,0.7612,27,4722
2022-08-09,0.751,0.7222,0.7222,0.751,25,8673
2022-08-10,0.766,0.766,0.7302,0.7599,11,987
2022-08-11,0.766,0.7347,0.72,0.766,71,21511
2022-08-12,0.87,0.71,0.7,0.7714,101,42430
2022-08-15,0.7401,0.6892,0.68,0.7401,37,14629
2022-08-16,0.7072,0.7072,0.685,0.6967,40,7619
2022-08-17,0.69,0.685,0.685,0.69,68,5494
2022-08-18,0.71,0.702,0.6924,0.7,47,1056
2022-08-19,0.735,0.6448,0.64,0.735,59,6676
2022-08-22,0.6403,0.59,0.59,0.6403,38,5285
2022-08-23,0.59,0.5845,0.5627,0.59,10,1475
2022-08-24,0.5952,0.5926,0.57,0.591,20,1238
2022-08-25,0.6146,0.6146,0.5876,0.5876,6,576
2022-08-26,0.6301,0.6269,0.5899,0.6298,35,4758
2022-08-29,0.6625,0.6412,0.6099,0.645,30,3739
2022-08-30,0.67,0.6299,0.62,0.67,5,390
2022-08-31,0.6308,0.6308,0.6249,0.6249,5,200
2022-09-01,0.6481,0.5964,0.5775,0.6481,25,6636
2022-09-02,0.61,0.593,0.57,0.57,12,986
2022-09-06,0.6057,0.57,0.57,0.6057,26,13279
2022-09-07,0.5839,0.5839,0.57,0.57,17,856
2022-09-08,0.6,0.5768,0.57,0.6,5,405
2022-09-09,0.5801,0.5801,0.565,0.565,44,1758
2022-09-12,0.5728,0.5652,0.565,0.565,11,1276
2022-09-13,0.58,0.563,0.563,0.58,9,909
2022-09-14,0.58,0.5656,0.5651,0.58,10,882
2022-09-15,0.58,0.5472,0.5472,0.58,49,4670
2022-09-16,0.5541,0.5359,0.5359,0.5487,7,564
2022-09-19,0.5485,0.5368,0.5368,0.5436,8,516
2022-09-20,0.535,0.53,0.53,0.535,3,131
2022-09-21,0.53,0.4889,0.4701,0.53,38,1920
2022-09-22,0.498,0.46,0.4501,0.498,17,1034
2022-09-23,0.4748,0.4547,0.4547,0.4748,9,530
2022-09-26,0.46,0.46,0.46,0.46,2,128
2022-09-27,0.483,0.4562,0.4562,0.46,11,568
2022-09-28,0.47,0.4331,0.4245,0.47,19,1976
2022-09-29,0.4548,0.4107,0.3902,0.4548,17,1725
2022-09-30,0.41,0.41,0.4,0.4,3,8
2022-10-03,0.4448,0.4349,0.4,0.41,22,6653
2022-10-04,0.45,0.41,0.41,0.45,26,13675
2022-10-05,0.4581,0.4581,0.41,0.421,14,15850
2022-10-06,0.49,0.44,0.44,0.49,7,1510
2022-10-07,0.45,0.4413,0.4201,0.4413,9,428
2022-10-10,0.4381,0.41,0.41,0.4381,4,343
2022-10-11,0.45,0.4101,0.4101,0.45,7,1250
2022-10-12,0.45,0.4249,0.42,0.45,8,754
2022-10-13,0.4104,0.4101,0.41,0.4104,9,935
2022-10-14,0.42,0.3903,0.3903,0.42,19,2682
2022-10-17,0.4193,0.4124,0.3706,0.399,27,3577
2022-10-18,0.4309,0.4309,0.37,0.39,46,7201
2022-10-19,0.41,0.3666,0.3666,0.41,16,399
2022-10-20,0.393,0.3775,0.3775,0.3849,12,170
2022-10-21,0.419,0.4019,0.37,0.3963,13,1206
2022-10-24,0.405,0.3885,0.3885,0.405,10,815
2022-10-25,0.42,0.405,0.405,0.42,14,807
2022-10-26,0.405,0.4039,0.4039,0.405,8,524
2022-10-27,0.4114,0.4114,0.38,0.38,7,416
2022-10-28,0.4299,0.4094,0.4094,0.41,10,1037
2022-10-31,0.44,0.39,0.39,0.4298,20,1088
2022-11-01,0.429,0.3885,0.3885,0.429,14,718
2022-11-02,0.42,0.42,0.391,0.41,6,1083
2022-11-03,0.3967,0.3967,0.39,0.39,3,258
2022-11-04,0.41,0.402,0.3988,0.3988,13,995
2022-11-07,0.41,0.41,0.41,0.41,11,1895
2022-11-08,0.41,0.41,0.41,0.41,12,413
2022-11-09,0.3907,0.39,0.39,0.39,9,2955
2022-11-10,0.41,0.3928,0.3858,0.41,4,219
2022-11-11,0.41,0.398,0.3877,0.41,7,1448
2022-11-14,0.4196,0.3828,0.3812,0.4196,21,2787
2022-11-15,0.41,0.3827,0.3811,0.4,32,11255
2022-11-16,0.3902,0.3902,0.38,0.38,4,203
2022-11-17,0.4,0.4,0.388,0.388,8,1182
2022-11-18,0.392,0.392,0.39,0.39,35,824
2022-11-21,0.3951,0.3951,0.3909,0.392,5,183
2022-11-22,0.4055,0.3951,0.3951,0.4055,6,505
2022-11-23,0.4001,0.397,0.397,0.4,16,2970
2022-11-25,0.41,0.4099,0.4099,0.41,4,312
2022-11-28,0.41,0.391,0.39,0.41,13,2561
2022-11-29,0.3901,0.38,0.38,0.39,7,521
2022-11-30,0.3991,0.3901,0.38,0.3991,10,1596
2022-12-01,0.4,0.3801,0.37,0.3907,12,5759
2022-12-02,0.3999,0.3999,0.3715,0.3715,8,335
2022-12-05,0.45,0.45,0.3999,0.4,25,7429
2022-12-06,0.45,0.4311,0.4311,0.45,26,2805
2022-12-07,0.4311,0.4311,0.39,0.39,6,180
2022-12-08,0.42,0.4199,0.4148,0.42,24,2958
2022-12-09,0.43,0.42,0.3901,0.43,16,1630
2022-12-12,0.43,0.4299,0.392,0.41,19,2576
2022-12-13,0.55,0.4664,0.4272,0.4272,79,22018
2022-12-14,0.5367,0.5006,0.47,0.48,16,3529
2022-12-15,0.5,0.4702,0.4701,0.5,14,2242
2022-12-16,0.493,0.4924,0.47,0.47,13,2042
2022-12-19,0.4597,0.44,0.395,0.395,12,1512
2022-12-20,0.42,0.42,0.42,0.42,8,1506
2022-12-21,0.4299,0.421,0.418,0.4299,12,3190
2022-12-22,0.4594,0.4506,0.4238,0.4238,10,4285
2022-12-23,0.47,0.4201,0.4201,0.47,25,2485
2022-12-27,0.49,0.48,0.4,0.4,38,27318
2022-12-28,0.495,0.49,0.469,0.4839,21,9156
2022-12-29,0.52,0.518,0.465,0.5186,16,2827
2022-12-30,0.88,0.68,0.47,0.47,230,82476
2023-01-03,0.8351,0.76,0.65,0.65,83,24624
2023-01-04,0.94,0.8154,0.6801,0.832,83,109202
2023-01-05,0.89,0.8283,0.7611,0.84,33,8239
2023-01-06,1.19,1.03,0.77,0.77,498,284551
2023-01-09,1.15,1.09,1.03,1.11,238,43671
2023-01-10,1.15,1.15,1.03,1.13,80,14981
